{
 "run_a": "adamw_s3",
 "run_b": "adamw_s4",
 "layer": 6,
 "tokens": 1007616,
 "n_alive_a": 12160,
 "n_alive_b": 12232,
 "a_to_b": {
  "mean": 0.5909156203269958,
  "p50": 0.6024185419082642,
  "frac_gt03": 0.8523026704788208,
  "frac_gt05": 0.6248355507850647,
  "frac_gt07": 0.3806743621826172
 },
 "b_to_a": {
  "mean": 0.5890669822692871,
  "p50": 0.6039467453956604,
  "frac_gt03": 0.8464682698249817,
  "frac_gt05": 0.6206670999526978,
  "frac_gt07": 0.3833387792110443
 }
}