{
 "run_a": "adamw_s0",
 "run_b": "adamw_s4",
 "layer": 6,
 "tokens": 1007616,
 "n_alive_a": 12128,
 "n_alive_b": 12215,
 "a_to_b": {
  "mean": 0.594119131565094,
  "p50": 0.6112203598022461,
  "frac_gt03": 0.8576847314834595,
  "frac_gt05": 0.6301946043968201,
  "frac_gt07": 0.39107850193977356
 },
 "b_to_a": {
  "mean": 0.5960543155670166,
  "p50": 0.6146522760391235,
  "frac_gt03": 0.8522308468818665,
  "frac_gt05": 0.6383954286575317,
  "frac_gt07": 0.39287760853767395
 }
}