{
 "run_a": "adamw_s0",
 "run_b": "adamw_s1",
 "layer": 6,
 "tokens": 1007616,
 "n_alive_a": 12109,
 "n_alive_b": 12240,
 "a_to_b": {
  "mean": 0.5914036631584167,
  "p50": 0.6037803292274475,
  "frac_gt03": 0.8501114845275879,
  "frac_gt05": 0.622429609298706,
  "frac_gt07": 0.38508546352386475
 },
 "b_to_a": {
  "mean": 0.5843159556388855,
  "p50": 0.5962507724761963,
  "frac_gt03": 0.8398693203926086,
  "frac_gt05": 0.6085784435272217,
  "frac_gt07": 0.37671568989753723
 }
}