{
 "run_a": "adamw_s0_350m",
 "run_b": "adamw_s2_350m",
 "layer": 12,
 "tokens": 1007616,
 "n_alive_a": 12000,
 "n_alive_b": 12357,
 "a_to_b": {
  "mean": 0.592430830001831,
  "p50": 0.6160960793495178,
  "frac_gt03": 0.8365833163261414,
  "frac_gt05": 0.621833324432373,
  "frac_gt07": 0.40549999475479126
 },
 "b_to_a": {
  "mean": 0.5898779630661011,
  "p50": 0.6090214252471924,
  "frac_gt03": 0.8367726802825928,
  "frac_gt05": 0.6228858232498169,
  "frac_gt07": 0.39507970213890076
 }
}