{
 "run_a": "adamw_s0_350m",
 "run_b": "adamw_s1_350m",
 "layer": 12,
 "tokens": 1007616,
 "n_alive_a": 12000,
 "n_alive_b": 13451,
 "a_to_b": {
  "mean": 0.6004449129104614,
  "p50": 0.62607342004776,
  "frac_gt03": 0.8443333506584167,
  "frac_gt05": 0.6397500038146973,
  "frac_gt07": 0.4124166667461395
 },
 "b_to_a": {
  "mean": 0.5812103748321533,
  "p50": 0.5927266478538513,
  "frac_gt03": 0.8287116289138794,
  "frac_gt05": 0.6081332564353943,
  "frac_gt07": 0.3775927424430847
 }
}