{
 "run_a": "adamw_s2",
 "run_b": "adamw_s3",
 "layer": 6,
 "tokens": 1007616,
 "n_alive_a": 12061,
 "n_alive_b": 12187,
 "a_to_b": {
  "mean": 0.5909473299980164,
  "p50": 0.6105706691741943,
  "frac_gt03": 0.847027599811554,
  "frac_gt05": 0.6272282600402832,
  "frac_gt07": 0.39101237058639526
 },
 "b_to_a": {
  "mean": 0.5944936871528625,
  "p50": 0.6101716160774231,
  "frac_gt03": 0.8584557175636292,
  "frac_gt05": 0.6304258704185486,
  "frac_gt07": 0.39107245206832886
 }
}