{
 "run_a": "adamw_s1",
 "run_b": "adamw_s2",
 "layer": 6,
 "tokens": 1007616,
 "n_alive_a": 12239,
 "n_alive_b": 12061,
 "a_to_b": {
  "mean": 0.5911306738853455,
  "p50": 0.6064287424087524,
  "frac_gt03": 0.8447585701942444,
  "frac_gt05": 0.6251327395439148,
  "frac_gt07": 0.39178037643432617
 },
 "b_to_a": {
  "mean": 0.593285083770752,
  "p50": 0.6115881204605103,
  "frac_gt03": 0.8496807813644409,
  "frac_gt05": 0.6317055225372314,
  "frac_gt07": 0.3939971923828125
 }
}