{
 "run_a": "adamw_s0",
 "run_b": "adamw_s2",
 "layer": 6,
 "tokens": 1007616,
 "n_alive_a": 10593,
 "n_alive_b": 10641,
 "a_to_b": {
  "mean": 0.6048995852470398,
  "p50": 0.6352641582489014,
  "frac_gt03": 0.8463135957717896,
  "frac_gt05": 0.6481638550758362,
  "frac_gt07": 0.42225998640060425
 },
 "b_to_a": {
  "mean": 0.6026713848114014,
  "p50": 0.6300950646400452,
  "frac_gt03": 0.8442815542221069,
  "frac_gt05": 0.6398834586143494,
  "frac_gt07": 0.4168781042098999
 }
}