{
 "run_a": "adamw_s1_tiny",
 "run_b": "adamw_s2_tiny",
 "layer": 3,
 "tokens": 1007616,
 "n_alive_a": 6144,
 "n_alive_b": 6144,
 "a_to_b": {
  "mean": 0.5404536128044128,
  "p50": 0.5358231067657471,
  "frac_gt03": 0.7814127802848816,
  "frac_gt05": 0.5428060293197632,
  "frac_gt07": 0.3092448115348816
 },
 "b_to_a": {
  "mean": 0.5520793199539185,
  "p50": 0.5460752248764038,
  "frac_gt03": 0.81103515625,
  "frac_gt05": 0.5651041865348816,
  "frac_gt07": 0.3142903745174408
 }
}