{
 "run_a": "adamw_s0_switch",
 "run_b": "adamw_s2_switch",
 "layer": 6,
 "tokens": 1007616,
 "n_alive_a": 12278,
 "n_alive_b": 12284,
 "a_to_b": {
  "mean": 0.6291882991790771,
  "p50": 0.660912036895752,
  "frac_gt03": 0.8862192034721375,
  "frac_gt05": 0.6830102205276489,
  "frac_gt07": 0.44803711771965027
 },
 "b_to_a": {
  "mean": 0.6309726238250732,
  "p50": 0.6646332144737244,
  "frac_gt03": 0.8843210935592651,
  "frac_gt05": 0.6862585544586182,
  "frac_gt07": 0.4535982012748718
 }
}