{
 "run_a": "adamw_s0_gelu",
 "run_b": "adamw_s1_gelu",
 "layer": 6,
 "tokens": 1007616,
 "n_alive_a": 11264,
 "n_alive_b": 10976,
 "a_to_b": {
  "mean": 0.6449014544487,
  "p50": 0.6868417263031006,
  "frac_gt03": 0.8874289989471436,
  "frac_gt05": 0.717418372631073,
  "frac_gt07": 0.4820667803287506
 },
 "b_to_a": {
  "mean": 0.6462522745132446,
  "p50": 0.6918184161186218,
  "frac_gt03": 0.8866618275642395,
  "frac_gt05": 0.7224854230880737,
  "frac_gt07": 0.4881559908390045
 }
}