{
 "run_a": "adamw_s0_switch",
 "run_b": "adamw_s1_switch",
 "layer": 6,
 "tokens": 1007616,
 "n_alive_a": 12278,
 "n_alive_b": 12278,
 "a_to_b": {
  "mean": 0.6329617500305176,
  "p50": 0.6638390421867371,
  "frac_gt03": 0.8939566612243652,
  "frac_gt05": 0.690014660358429,
  "frac_gt07": 0.45227235555648804
 },
 "b_to_a": {
  "mean": 0.6249673366546631,
  "p50": 0.6571311354637146,
  "frac_gt03": 0.8740836977958679,
  "frac_gt05": 0.6778790950775146,
  "frac_gt07": 0.4470597803592682
 }
}