{
 "run_a": "adamw_s0",
 "run_b": "adamw_s1",
 "layer": 9,
 "tokens": 1007616,
 "n_alive_a": 12261,
 "n_alive_b": 12207,
 "a_to_b": {
  "mean": 0.5825638175010681,
  "p50": 0.5908295512199402,
  "frac_gt03": 0.8501753807067871,
  "frac_gt05": 0.609819769859314,
  "frac_gt07": 0.36269474029541016
 },
 "b_to_a": {
  "mean": 0.5809856653213501,
  "p50": 0.5912281274795532,
  "frac_gt03": 0.8453346490859985,
  "frac_gt05": 0.6086671352386475,
  "frac_gt07": 0.36487260460853577
 }
}