{
 "run_a": "adamw_s0_tiny",
 "run_b": "adamw_s1_tiny",
 "layer": 3,
 "tokens": 1007616,
 "n_alive_a": 6144,
 "n_alive_b": 6144,
 "a_to_b": {
  "mean": 0.5393800735473633,
  "p50": 0.5327385663986206,
  "frac_gt03": 0.7791341543197632,
  "frac_gt05": 0.5372721552848816,
  "frac_gt07": 0.3141276240348816
 },
 "b_to_a": {
  "mean": 0.5528088808059692,
  "p50": 0.5507994294166565,
  "frac_gt03": 0.8024088740348816,
  "frac_gt05": 0.5623372793197632,
  "frac_gt07": 0.3248698115348816
 }
}