{
 "run_a": "adamw_s0",
 "run_b": "adamw_s2",
 "layer": 6,
 "tokens": 1007616,
 "n_alive_a": 12233,
 "n_alive_b": 12226,
 "a_to_b": {
  "mean": 0.6092895269393921,
  "p50": 0.6291484236717224,
  "frac_gt03": 0.8776261210441589,
  "frac_gt05": 0.6585465669631958,
  "frac_gt07": 0.4086487293243408
 },
 "b_to_a": {
  "mean": 0.6060591340065002,
  "p50": 0.6255486011505127,
  "frac_gt03": 0.8719123601913452,
  "frac_gt05": 0.6500899791717529,
  "frac_gt07": 0.407246857881546
 }
}