{
 "run_a": "adamw_s0",
 "run_b": "adamw_s1",
 "layer": 6,
 "tokens": 1007616,
 "n_alive_a": 10593,
 "n_alive_b": 10496,
 "a_to_b": {
  "mean": 0.6066092848777771,
  "p50": 0.6369425058364868,
  "frac_gt03": 0.8501840829849243,
  "frac_gt05": 0.6473142504692078,
  "frac_gt07": 0.4215991795063019
 },
 "b_to_a": {
  "mean": 0.5930425524711609,
  "p50": 0.6262133717536926,
  "frac_gt03": 0.8185022473335266,
  "frac_gt05": 0.6261432766914368,
  "frac_gt07": 0.41606324911117554
 }
}