{
 "run_a": "adamw_s1",
 "run_b": "adamw_s2",
 "layer": 6,
 "tokens": 1007616,
 "n_alive_a": 12241,
 "n_alive_b": 12163,
 "a_to_b": {
  "mean": 0.5923232436180115,
  "p50": 0.6099869608879089,
  "frac_gt03": 0.8480516076087952,
  "frac_gt05": 0.6251940131187439,
  "frac_gt07": 0.3906543552875519
 },
 "b_to_a": {
  "mean": 0.5948452949523926,
  "p50": 0.6105693578720093,
  "frac_gt03": 0.8601496815681458,
  "frac_gt05": 0.6294499635696411,
  "frac_gt07": 0.3904464542865753
 }
}