{
 "run_a": "adamw_s0",
 "run_b": "adamw_s2",
 "tokens": 1007616,
 "n_alive_a": 12099,
 "n_alive_b": 12071,
 "a_to_b": {
  "mean": 0.598289430141449,
  "p50": 0.6154704689979553,
  "frac_gt03": 0.8603190183639526,
  "frac_gt05": 0.6338540315628052,
  "frac_gt07": 0.3931729793548584
 },
 "b_to_a": {
  "mean": 0.5935347080230713,
  "p50": 0.6082221865653992,
  "frac_gt03": 0.8525391817092896,
  "frac_gt05": 0.6281998157501221,
  "frac_gt07": 0.38936296105384827
 }
}