{
 "run_a": "adamw_s0",
 "run_b": "adamw_s2",
 "layer": 9,
 "tokens": 1007616,
 "n_alive_a": 12261,
 "n_alive_b": 12213,
 "a_to_b": {
  "mean": 0.5874121785163879,
  "p50": 0.5987234115600586,
  "frac_gt03": 0.8558845520019531,
  "frac_gt05": 0.6184650659561157,
  "frac_gt07": 0.37297120690345764
 },
 "b_to_a": {
  "mean": 0.5810807943344116,
  "p50": 0.5899075269699097,
  "frac_gt03": 0.8457381725311279,
  "frac_gt05": 0.6074674725532532,
  "frac_gt07": 0.366494745016098
 }
}