{
 "run_a": "adamw_s2",
 "run_b": "adamw_s4",
 "layer": 6,
 "tokens": 1007616,
 "n_alive_a": 12061,
 "n_alive_b": 12215,
 "a_to_b": {
  "mean": 0.5915756821632385,
  "p50": 0.6095572710037231,
  "frac_gt03": 0.8472763299942017,
  "frac_gt05": 0.6279744505882263,
  "frac_gt07": 0.3901003301143646
 },
 "b_to_a": {
  "mean": 0.5994625091552734,
  "p50": 0.6201273798942566,
  "frac_gt03": 0.862300455570221,
  "frac_gt05": 0.6447809934616089,
  "frac_gt07": 0.3981170654296875
 }
}