{
 "run_a": "adamw_s0_tiny",
 "run_b": "adamw_s2_tiny",
 "layer": 3,
 "tokens": 1007616,
 "n_alive_a": 6144,
 "n_alive_b": 6144,
 "a_to_b": {
  "mean": 0.5260022282600403,
  "p50": 0.5143656134605408,
  "frac_gt03": 0.7552083730697632,
  "frac_gt05": 0.51708984375,
  "frac_gt07": 0.3035481870174408
 },
 "b_to_a": {
  "mean": 0.551851749420166,
  "p50": 0.5456828474998474,
  "frac_gt03": 0.80859375,
  "frac_gt05": 0.5577799677848816,
  "frac_gt07": 0.3196614682674408
 }
}