{
 "run_a": "adamw_s1_gelu",
 "run_b": "adamw_s2_gelu",
 "layer": 6,
 "tokens": 1007616,
 "n_alive_a": 10976,
 "n_alive_b": 9835,
 "a_to_b": {
  "mean": 0.6311253309249878,
  "p50": 0.6732679009437561,
  "frac_gt03": 0.8739978671073914,
  "frac_gt05": 0.6954264044761658,
  "frac_gt07": 0.46383020281791687
 },
 "b_to_a": {
  "mean": 0.6609610319137573,
  "p50": 0.7091250419616699,
  "frac_gt03": 0.8975088596343994,
  "frac_gt05": 0.7455007433891296,
  "frac_gt07": 0.5125572085380554
 }
}