{
 "run_a": "adamw_s1",
 "run_b": "adamw_s2",
 "layer": 9,
 "tokens": 1007616,
 "n_alive_a": 12207,
 "n_alive_b": 12213,
 "a_to_b": {
  "mean": 0.5839563012123108,
  "p50": 0.5927677154541016,
  "frac_gt03": 0.8508232831954956,
  "frac_gt05": 0.6140738725662231,
  "frac_gt07": 0.3676578998565674
 },
 "b_to_a": {
  "mean": 0.5788806676864624,
  "p50": 0.5832836627960205,
  "frac_gt03": 0.8419716954231262,
  "frac_gt05": 0.6040285229682922,
  "frac_gt07": 0.36199134588241577
 }
}