{
 "run_a": "adamw_s0",
 "run_b": "adamw_s4",
 "layer": 6,
 "tokens": 1007616,
 "n_alive_a": 12099,
 "n_alive_b": 12232,
 "a_to_b": {
  "mean": 0.5917530655860901,
  "p50": 0.6090592741966248,
  "frac_gt03": 0.8514753580093384,
  "frac_gt05": 0.6212083697319031,
  "frac_gt07": 0.38730472326278687
 },
 "b_to_a": {
  "mean": 0.5934690833091736,
  "p50": 0.6086133122444153,
  "frac_gt03": 0.8536624908447266,
  "frac_gt05": 0.627452552318573,
  "frac_gt07": 0.3902060091495514
 }
}