{
 "run_a": "adamw_s0",
 "run_b": "adamw_s1",
 "layer": 6,
 "tokens": 1007616,
 "n_alive_a": 12233,
 "n_alive_b": 12243,
 "a_to_b": {
  "mean": 0.604042112827301,
  "p50": 0.6220130324363708,
  "frac_gt03": 0.8712499141693115,
  "frac_gt05": 0.6473473310470581,
  "frac_gt07": 0.4030900001525879
 },
 "b_to_a": {
  "mean": 0.5946048498153687,
  "p50": 0.6143328547477722,
  "frac_gt03": 0.851425290107727,
  "frac_gt05": 0.635873556137085,
  "frac_gt07": 0.39369434118270874
 }
}