{
 "run_a": "adamw_s0",
 "run_b": "adamw_s2",
 "layer": 6,
 "tokens": 1007616,
 "n_alive_a": 12128,
 "n_alive_b": 12061,
 "a_to_b": {
  "mean": 0.5992687344551086,
  "p50": 0.6168121695518494,
  "frac_gt03": 0.8637863397598267,
  "frac_gt05": 0.6376979351043701,
  "frac_gt07": 0.3980046212673187
 },
 "b_to_a": {
  "mean": 0.5937009453773499,
  "p50": 0.6133424043655396,
  "frac_gt03": 0.8533289432525635,
  "frac_gt05": 0.6298814415931702,
  "frac_gt07": 0.3943288326263428
 }
}