{
 "run_a": "adamw_s1",
 "run_b": "adamw_s3",
 "layer": 6,
 "tokens": 1007616,
 "n_alive_a": 12255,
 "n_alive_b": 12160,
 "a_to_b": {
  "mean": 0.5838087201118469,
  "p50": 0.5954287052154541,
  "frac_gt03": 0.8393309116363525,
  "frac_gt05": 0.6090575456619263,
  "frac_gt07": 0.37837618589401245
 },
 "b_to_a": {
  "mean": 0.5917199850082397,
  "p50": 0.604870617389679,
  "frac_gt03": 0.8541118502616882,
  "frac_gt05": 0.623519778251648,
  "frac_gt07": 0.3842927813529968
 }
}