{
 "run_a": "adamw_s1",
 "run_b": "adamw_s2",
 "layer": 6,
 "tokens": 1007616,
 "n_alive_a": 12240,
 "n_alive_b": 12026,
 "a_to_b": {
  "mean": 0.5862061381340027,
  "p50": 0.6000091433525085,
  "frac_gt03": 0.8440359830856323,
  "frac_gt05": 0.6134803891181946,
  "frac_gt07": 0.38104575872421265
 },
 "b_to_a": {
  "mean": 0.5897992253303528,
  "p50": 0.6052414178848267,
  "frac_gt03": 0.8494927287101746,
  "frac_gt05": 0.6183269619941711,
  "frac_gt07": 0.38583070039749146
 }
}