{
 "run_a": "adamw_s0_gelu",
 "run_b": "adamw_s2_gelu",
 "layer": 6,
 "tokens": 1007616,
 "n_alive_a": 11264,
 "n_alive_b": 9835,
 "a_to_b": {
  "mean": 0.6351563334465027,
  "p50": 0.6758080124855042,
  "frac_gt03": 0.8792613744735718,
  "frac_gt05": 0.6973544359207153,
  "frac_gt07": 0.46670812368392944
 },
 "b_to_a": {
  "mean": 0.6659966111183167,
  "p50": 0.7145347595214844,
  "frac_gt03": 0.9053380489349365,
  "frac_gt05": 0.7513980865478516,
  "frac_gt07": 0.5202847123146057
 }
}