{
 "run_a": "adamw_s1_350m",
 "run_b": "adamw_s2_350m",
 "layer": 12,
 "tokens": 1007616,
 "n_alive_a": 13451,
 "n_alive_b": 12357,
 "a_to_b": {
  "mean": 0.5866609811782837,
  "p50": 0.6035829782485962,
  "frac_gt03": 0.8299754858016968,
  "frac_gt05": 0.613709032535553,
  "frac_gt07": 0.38993382453918457
 },
 "b_to_a": {
  "mean": 0.6033391356468201,
  "p50": 0.6299318671226501,
  "frac_gt03": 0.8481832146644592,
  "frac_gt05": 0.6434409618377686,
  "frac_gt07": 0.41466376185417175
 }
}