{
 "run_a": "adamw_s2",
 "run_b": "adamw_s4",
 "layer": 6,
 "tokens": 1007616,
 "n_alive_a": 12071,
 "n_alive_b": 12232,
 "a_to_b": {
  "mean": 0.5909461379051208,
  "p50": 0.6061561703681946,
  "frac_gt03": 0.8459117412567139,
  "frac_gt05": 0.6233121156692505,
  "frac_gt07": 0.39184823632240295
 },
 "b_to_a": {
  "mean": 0.5971807837486267,
  "p50": 0.6142858862876892,
  "frac_gt03": 0.856605589389801,
  "frac_gt05": 0.6336657404899597,
  "frac_gt07": 0.39633744955062866
 }
}