{
 "run_a": "adamw_s1_switch",
 "run_b": "adamw_s2_switch",
 "layer": 6,
 "tokens": 1007616,
 "n_alive_a": 12276,
 "n_alive_b": 12284,
 "a_to_b": {
  "mean": 0.623850405216217,
  "p50": 0.654922366142273,
  "frac_gt03": 0.8774845004081726,
  "frac_gt05": 0.6748940944671631,
  "frac_gt07": 0.4411860406398773
 },
 "b_to_a": {
  "mean": 0.6330666542053223,
  "p50": 0.6619941592216492,
  "frac_gt03": 0.898892879486084,
  "frac_gt05": 0.6915500164031982,
  "frac_gt07": 0.45115599036216736
 }
}