{
 "run_a": "adamw_s1",
 "run_b": "adamw_s2",
 "tokens": 1007616,
 "n_alive_a": 12255,
 "n_alive_b": 12071,
 "a_to_b": {
  "mean": 0.5917572975158691,
  "p50": 0.6066139936447144,
  "frac_gt03": 0.8477356433868408,
  "frac_gt05": 0.6216238141059875,
  "frac_gt07": 0.3906160891056061
 },
 "b_to_a": {
  "mean": 0.5935001373291016,
  "p50": 0.6092239022254944,
  "frac_gt03": 0.8505509495735168,
  "frac_gt05": 0.6246376037597656,
  "frac_gt07": 0.3950791358947754
 }
}