{
 "run_a": "adamw_s0",
 "run_b": "adamw_s3",
 "layer": 6,
 "tokens": 1007616,
 "n_alive_a": 12099,
 "n_alive_b": 12160,
 "a_to_b": {
  "mean": 0.590243935585022,
  "p50": 0.6019719243049622,
  "frac_gt03": 0.853210985660553,
  "frac_gt05": 0.6213736534118652,
  "frac_gt07": 0.38333746790885925
 },
 "b_to_a": {
  "mean": 0.5920789837837219,
  "p50": 0.6046754121780396,
  "frac_gt03": 0.8583059310913086,
  "frac_gt05": 0.6256579160690308,
  "frac_gt07": 0.3819079101085663
 }
}