{
 "run_a": "adamw_s0",
 "run_b": "adamw_s1",
 "layer": 6,
 "tokens": 1007616,
 "n_alive_a": 12168,
 "n_alive_b": 12188,
 "a_to_b": {
  "mean": 0.62006676197052,
  "p50": 0.6468635201454163,
  "frac_gt03": 0.8804240822792053,
  "frac_gt05": 0.6766108274459839,
  "frac_gt07": 0.43071994185447693
 },
 "b_to_a": {
  "mean": 0.607647716999054,
  "p50": 0.6372644305229187,
  "frac_gt03": 0.8569905161857605,
  "frac_gt05": 0.6577781438827515,
  "frac_gt07": 0.41959306597709656
 }
}