{
 "run_a": "adamw_s0",
 "run_b": "adamw_s1",
 "tokens": 1007616,
 "n_alive_a": 12099,
 "n_alive_b": 12255,
 "a_to_b": {
  "mean": 0.5932782888412476,
  "p50": 0.6069519519805908,
  "frac_gt03": 0.8544507622718811,
  "frac_gt05": 0.6256715655326843,
  "frac_gt07": 0.38598230481147766
 },
 "b_to_a": {
  "mean": 0.586953341960907,
  "p50": 0.5969161987304688,
  "frac_gt03": 0.8431660532951355,
  "frac_gt05": 0.6133822798728943,
  "frac_gt07": 0.38008975982666016
 }
}