{
 "run_a": "adamw_s1",
 "run_b": "adamw_s4",
 "layer": 6,
 "tokens": 1007616,
 "n_alive_a": 12239,
 "n_alive_b": 12215,
 "a_to_b": {
  "mean": 0.5871443152427673,
  "p50": 0.6023136377334595,
  "frac_gt03": 0.8446768522262573,
  "frac_gt05": 0.6134487986564636,
  "frac_gt07": 0.3863060772418976
 },
 "b_to_a": {
  "mean": 0.5977844595909119,
  "p50": 0.6173951029777527,
  "frac_gt03": 0.8581252694129944,
  "frac_gt05": 0.6411789059638977,
  "frac_gt07": 0.39402374625205994
 }
}