{
 "run_a": "adamw_s0",
 "run_b": "adamw_s2",
 "layer": 6,
 "tokens": 1007616,
 "n_alive_a": 12201,
 "n_alive_b": 12163,
 "a_to_b": {
  "mean": 0.6013983488082886,
  "p50": 0.6205006837844849,
  "frac_gt03": 0.8650110960006714,
  "frac_gt05": 0.64011150598526,
  "frac_gt07": 0.4024260342121124
 },
 "b_to_a": {
  "mean": 0.5971722602844238,
  "p50": 0.6179147362709045,
  "frac_gt03": 0.85743647813797,
  "frac_gt05": 0.634382963180542,
  "frac_gt07": 0.39858588576316833
 }
}