{
 "run_a": "adamw_s1",
 "run_b": "adamw_s3",
 "layer": 6,
 "tokens": 1007616,
 "n_alive_a": 12239,
 "n_alive_b": 12187,
 "a_to_b": {
  "mean": 0.5831816792488098,
  "p50": 0.5971847176551819,
  "frac_gt03": 0.8372415900230408,
  "frac_gt05": 0.6109976172447205,
  "frac_gt07": 0.38140371441841125
 },
 "b_to_a": {
  "mean": 0.5900660157203674,
  "p50": 0.6034420728683472,
  "frac_gt03": 0.8550915122032166,
  "frac_gt05": 0.6222203969955444,
  "frac_gt07": 0.3840157687664032
 }
}