{
 "run_a": "adamw_s3",
 "run_b": "adamw_s4",
 "layer": 6,
 "tokens": 1007616,
 "n_alive_a": 12187,
 "n_alive_b": 12215,
 "a_to_b": {
  "mean": 0.5902933478355408,
  "p50": 0.6082406044006348,
  "frac_gt03": 0.8543530106544495,
  "frac_gt05": 0.6232050657272339,
  "frac_gt07": 0.38417986035346985
 },
 "b_to_a": {
  "mean": 0.5934865474700928,
  "p50": 0.6149333119392395,
  "frac_gt03": 0.8521490097045898,
  "frac_gt05": 0.6346295475959778,
  "frac_gt07": 0.3891936242580414
 }
}