{
 "run_a": "adamw_s2",
 "run_b": "adamw_s3",
 "layer": 6,
 "tokens": 1007616,
 "n_alive_a": 12071,
 "n_alive_b": 12160,
 "a_to_b": {
  "mean": 0.5893297791481018,
  "p50": 0.6023839712142944,
  "frac_gt03": 0.8462430834770203,
  "frac_gt05": 0.620329737663269,
  "frac_gt07": 0.38580068945884705
 },
 "b_to_a": {
  "mean": 0.5948199033737183,
  "p50": 0.6076159477233887,
  "frac_gt03": 0.85945725440979,
  "frac_gt05": 0.6300164461135864,
  "frac_gt07": 0.38824015855789185
 }
}