{
 "run_a": "adamw_s0",
 "run_b": "adamw_s2",
 "layer": 6,
 "tokens": 1007616,
 "n_alive_a": 12109,
 "n_alive_b": 12026,
 "a_to_b": {
  "mean": 0.5952659249305725,
  "p50": 0.6096000671386719,
  "frac_gt03": 0.8590304851531982,
  "frac_gt05": 0.6307705044746399,
  "frac_gt07": 0.3911140561103821
 },
 "b_to_a": {
  "mean": 0.5912682414054871,
  "p50": 0.6080500483512878,
  "frac_gt03": 0.8502411246299744,
  "frac_gt05": 0.6254780888557434,
  "frac_gt07": 0.3916514217853546
 }
}