{
 "run_a": "adamw_s0_switch",
 "run_b": "adamw_s2_switch",
 "layer": 6,
 "tokens": 1007616,
 "n_alive_a": 12277,
 "n_alive_b": 12284,
 "a_to_b": {
  "mean": 0.6325932741165161,
  "p50": 0.6638069748878479,
  "frac_gt03": 0.8925633430480957,
  "frac_gt05": 0.6914555430412292,
  "frac_gt07": 0.4510873854160309
 },
 "b_to_a": {
  "mean": 0.6352910995483398,
  "p50": 0.6702814102172852,
  "frac_gt03": 0.8922989368438721,
  "frac_gt05": 0.6959459781646729,
  "frac_gt07": 0.4584011733531952
 }
}