{
 "run_a": "adamw_s1",
 "run_b": "adamw_s2",
 "layer": 6,
 "tokens": 1007616,
 "n_alive_a": 12188,
 "n_alive_b": 12195,
 "a_to_b": {
  "mean": 0.6101333498954773,
  "p50": 0.6400418281555176,
  "frac_gt03": 0.8593698740005493,
  "frac_gt05": 0.6632753610610962,
  "frac_gt07": 0.42492616176605225
 },
 "b_to_a": {
  "mean": 0.6218423247337341,
  "p50": 0.6491919755935669,
  "frac_gt03": 0.8819188475608826,
  "frac_gt05": 0.6824928522109985,
  "frac_gt07": 0.4329643249511719
 }
}