{
 "run_a": "adamw_s1",
 "run_b": "adamw_s2",
 "layer": 6,
 "tokens": 1007616,
 "n_alive_a": 12243,
 "n_alive_b": 12226,
 "a_to_b": {
  "mean": 0.6010836958885193,
  "p50": 0.6219234466552734,
  "frac_gt03": 0.8571428656578064,
  "frac_gt05": 0.6470636129379272,
  "frac_gt07": 0.4042309820652008
 },
 "b_to_a": {
  "mean": 0.6076887845993042,
  "p50": 0.6245906352996826,
  "frac_gt03": 0.8714215755462646,
  "frac_gt05": 0.6561426520347595,
  "frac_gt07": 0.40814658999443054
 }
}