{
 "run_a": "adamw_s0",
 "run_b": "adamw_s1",
 "layer": 6,
 "tokens": 1007616,
 "n_alive_a": 12201,
 "n_alive_b": 12241,
 "a_to_b": {
  "mean": 0.5943958163261414,
  "p50": 0.609398603439331,
  "frac_gt03": 0.8557495474815369,
  "frac_gt05": 0.6259323358535767,
  "frac_gt07": 0.3907057046890259
 },
 "b_to_a": {
  "mean": 0.5884984135627747,
  "p50": 0.601651668548584,
  "frac_gt03": 0.8447021842002869,
  "frac_gt05": 0.6159627437591553,
  "frac_gt07": 0.38591617345809937
 }
}