{
 "run_a": "adamw_s0",
 "run_b": "adamw_s3",
 "layer": 6,
 "tokens": 1007616,
 "n_alive_a": 12128,
 "n_alive_b": 12187,
 "a_to_b": {
  "mean": 0.5909878015518188,
  "p50": 0.6054739952087402,
  "frac_gt03": 0.8542216420173645,
  "frac_gt05": 0.626154363155365,
  "frac_gt07": 0.38406994938850403
 },
 "b_to_a": {
  "mean": 0.5896666049957275,
  "p50": 0.6030595302581787,
  "frac_gt03": 0.8560761213302612,
  "frac_gt05": 0.6245179176330566,
  "frac_gt07": 0.3801591992378235
 }
}