{
 "run_a": "adamw_s1_switch",
 "run_b": "adamw_s2_switch",
 "layer": 6,
 "tokens": 1007616,
 "n_alive_a": 12278,
 "n_alive_b": 12284,
 "a_to_b": {
  "mean": 0.6215963363647461,
  "p50": 0.6520736813545227,
  "frac_gt03": 0.8718032240867615,
  "frac_gt05": 0.6720964312553406,
  "frac_gt07": 0.44176575541496277
 },
 "b_to_a": {
  "mean": 0.631678581237793,
  "p50": 0.6617558598518372,
  "frac_gt03": 0.8933572173118591,
  "frac_gt05": 0.6865027546882629,
  "frac_gt07": 0.4509931802749634
 }
}