{
 "run_a": "adamw_s1",
 "run_b": "adamw_s4",
 "layer": 6,
 "tokens": 1007616,
 "n_alive_a": 12255,
 "n_alive_b": 12232,
 "a_to_b": {
  "mean": 0.5867897868156433,
  "p50": 0.5993795394897461,
  "frac_gt03": 0.8433292508125305,
  "frac_gt05": 0.6125662922859192,
  "frac_gt07": 0.3824561536312103
 },
 "b_to_a": {
  "mean": 0.5931257009506226,
  "p50": 0.6070598363876343,
  "frac_gt03": 0.849738359451294,
  "frac_gt05": 0.6291693449020386,
  "frac_gt07": 0.3894702196121216
 }
}