{
 "run_a": "adamw_s0",
 "run_b": "adamw_s1",
 "layer": 6,
 "tokens": 1007616,
 "n_alive_a": 12128,
 "n_alive_b": 12239,
 "a_to_b": {
  "mean": 0.5930896401405334,
  "p50": 0.6066287159919739,
  "frac_gt03": 0.8582618832588196,
  "frac_gt05": 0.625,
  "frac_gt07": 0.387203186750412
 },
 "b_to_a": {
  "mean": 0.5847633481025696,
  "p50": 0.5955884456634521,
  "frac_gt03": 0.8403463959693909,
  "frac_gt05": 0.6113244295120239,
  "frac_gt07": 0.3794427514076233
 }
}