{
 "run_a": "adamw_s0_switch",
 "run_b": "adamw_s1_switch",
 "layer": 6,
 "tokens": 1007616,
 "n_alive_a": 12277,
 "n_alive_b": 12276,
 "a_to_b": {
  "mean": 0.6336824893951416,
  "p50": 0.6619426012039185,
  "frac_gt03": 0.8941923975944519,
  "frac_gt05": 0.6957725882530212,
  "frac_gt07": 0.455567330121994
 },
 "b_to_a": {
  "mean": 0.6271073222160339,
  "p50": 0.6565425992012024,
  "frac_gt03": 0.8783805966377258,
  "frac_gt05": 0.6833659410476685,
  "frac_gt07": 0.4529162645339966
 }
}