{
 "run_a": "adamw_s1",
 "run_b": "adamw_s2",
 "layer": 6,
 "tokens": 1007616,
 "n_alive_a": 10496,
 "n_alive_b": 10641,
 "a_to_b": {
  "mean": 0.5952078700065613,
  "p50": 0.6292715668678284,
  "frac_gt03": 0.8185022473335266,
  "frac_gt05": 0.6320502758026123,
  "frac_gt07": 0.4163490831851959
 },
 "b_to_a": {
  "mean": 0.6077585220336914,
  "p50": 0.6351328492164612,
  "frac_gt03": 0.8518936038017273,
  "frac_gt05": 0.6495630145072937,
  "frac_gt07": 0.42223474383354187
 }
}