{
 "run_a": "adamw_s0",
 "run_b": "adamw_s2",
 "layer": 6,
 "tokens": 1007616,
 "n_alive_a": 12168,
 "n_alive_b": 12195,
 "a_to_b": {
  "mean": 0.6192647218704224,
  "p50": 0.6475878953933716,
  "frac_gt03": 0.8785338997840881,
  "frac_gt05": 0.675542414188385,
  "frac_gt07": 0.4312952160835266
 },
 "b_to_a": {
  "mean": 0.617776095867157,
  "p50": 0.6450788378715515,
  "frac_gt03": 0.8750307559967041,
  "frac_gt05": 0.6756047606468201,
  "frac_gt07": 0.43050432205200195
 }
}