{
 "run_a": "muonmlp_s1",
 "run_b": "muonmlp_s2",
 "layer": 9,
 "tokens": 1007616,
 "n_alive_a": 12270,
 "n_alive_b": 12272,
 "a_to_b": {
  "mean": 0.6291319727897644,
  "p50": 0.6612278819084167,
  "frac_gt03": 0.8889975547790527,
  "frac_gt05": 0.6929095387458801,
  "frac_gt07": 0.44914427399635315
 },
 "b_to_a": {
  "mean": 0.6375464797019958,
  "p50": 0.6688486933708191,
  "frac_gt03": 0.9017274975776672,
  "frac_gt05": 0.7066492438316345,
  "frac_gt07": 0.45901238918304443
 }
}