{
 "run_a": "muonattn_s0",
 "run_b": "muon_s0",
 "layer": 6,
 "tokens": 1007616,
 "n_alive_a": 12228,
 "n_alive_b": 11530,
 "a_to_b": {
  "mean": 0.5935906171798706,
  "p50": 0.604274570941925,
  "frac_gt03": 0.8608930110931396,
  "frac_gt05": 0.6278213858604431,
  "frac_gt07": 0.38166502118110657
 },
 "b_to_a": {
  "mean": 0.5842115879058838,
  "p50": 0.5958672761917114,
  "frac_gt03": 0.8366868495941162,
  "frac_gt05": 0.6099739670753479,
  "frac_gt07": 0.3797051012516022
 }
}