{
 "run_a": "muonmlp_s1",
 "run_b": "muon_s2",
 "layer": 6,
 "tokens": 1007616,
 "n_alive_a": 12038,
 "n_alive_b": 11484,
 "a_to_b": {
  "mean": 0.5993520021438599,
  "p50": 0.6207119226455688,
  "frac_gt03": 0.8620202541351318,
  "frac_gt05": 0.6436285376548767,
  "frac_gt07": 0.39641135931015015
 },
 "b_to_a": {
  "mean": 0.5738605260848999,
  "p50": 0.589128315448761,
  "frac_gt03": 0.8071229457855225,
  "frac_gt05": 0.5950887799263,
  "frac_gt07": 0.37765586376190186
 }
}