{
 "run_a": "muonmlp_s0",
 "run_b": "muonmlp_s2",
 "layer": 6,
 "tokens": 1007616,
 "n_alive_a": 12134,
 "n_alive_b": 11824,
 "a_to_b": {
  "mean": 0.6262827515602112,
  "p50": 0.6561558246612549,
  "frac_gt03": 0.8819020986557007,
  "frac_gt05": 0.6807318329811096,
  "frac_gt07": 0.4479973614215851
 },
 "b_to_a": {
  "mean": 0.6329042315483093,
  "p50": 0.6658638119697571,
  "frac_gt03": 0.8881934881210327,
  "frac_gt05": 0.6896142959594727,
  "frac_gt07": 0.4580514132976532
 }
}