{
 "run_a": "muonattn_s1_w250",
 "run_b": "muonattn_s2_w250",
 "layer": 6,
 "tokens": 1007616,
 "n_alive_a": 12275,
 "n_alive_b": 12285,
 "a_to_b": {
  "mean": 0.6287778615951538,
  "p50": 0.6532591581344604,
  "frac_gt03": 0.8963747620582581,
  "frac_gt05": 0.6835030317306519,
  "frac_gt07": 0.43894094228744507
 },
 "b_to_a": {
  "mean": 0.6312755346298218,
  "p50": 0.6577917337417603,
  "frac_gt03": 0.901098906993866,
  "frac_gt05": 0.6902726888656616,
  "frac_gt07": 0.44306063652038574
 }
}