{
 "run_a": "muon_s1",
 "run_b": "muon_s2",
 "layer": 6,
 "tokens": 1007616,
 "n_alive_a": 11272,
 "n_alive_b": 11464,
 "a_to_b": {
  "mean": 0.6194489598274231,
  "p50": 0.6474941372871399,
  "frac_gt03": 0.876153290271759,
  "frac_gt05": 0.6665188074111938,
  "frac_gt07": 0.4337295889854431
 },
 "b_to_a": {
  "mean": 0.618937611579895,
  "p50": 0.645298421382904,
  "frac_gt03": 0.8781402707099915,
  "frac_gt05": 0.6667829751968384,
  "frac_gt07": 0.4323098361492157
 }
}