{
 "run_a": "muonattn_s0",
 "run_b": "muonattn_s1",
 "layer": 6,
 "tokens": 1007616,
 "n_alive_a": 12203,
 "n_alive_b": 12201,
 "a_to_b": {
  "mean": 0.6121529936790466,
  "p50": 0.6308842301368713,
  "frac_gt03": 0.8715069890022278,
  "frac_gt05": 0.6532819271087646,
  "frac_gt07": 0.41440626978874207
 },
 "b_to_a": {
  "mean": 0.6101377010345459,
  "p50": 0.6302312016487122,
  "frac_gt03": 0.8672240376472473,
  "frac_gt05": 0.6500287055969238,
  "frac_gt07": 0.4163593351840973
 }
}