{
 "run_a": "muonmlp_s1",
 "run_b": "muonmlp_s4",
 "layer": 6,
 "tokens": 1007616,
 "n_alive_a": 12056,
 "n_alive_b": 12126,
 "a_to_b": {
  "mean": 0.6286221742630005,
  "p50": 0.6594897508621216,
  "frac_gt03": 0.8890179395675659,
  "frac_gt05": 0.6898639798164368,
  "frac_gt07": 0.44434306025505066
 },
 "b_to_a": {
  "mean": 0.6270826458930969,
  "p50": 0.6565991044044495,
  "frac_gt03": 0.8872670531272888,
  "frac_gt05": 0.6863763928413391,
  "frac_gt07": 0.4435098171234131
 }
}