{
 "run_a": "muon_s1",
 "run_b": "muon_s2",
 "layer": 6,
 "tokens": 1007616,
 "n_alive_a": 11436,
 "n_alive_b": 11718,
 "a_to_b": {
  "mean": 0.6283612847328186,
  "p50": 0.6581620573997498,
  "frac_gt03": 0.8789786696434021,
  "frac_gt05": 0.6804826855659485,
  "frac_gt07": 0.449545294046402
 },
 "b_to_a": {
  "mean": 0.630388081073761,
  "p50": 0.66230708360672,
  "frac_gt03": 0.884536623954773,
  "frac_gt05": 0.6833930611610413,
  "frac_gt07": 0.4545997679233551
 }
}