{
 "run_a": "muon_s2",
 "run_b": "adamw_s1",
 "layer": 9,
 "tokens": 1007616,
 "n_alive_a": 11882,
 "n_alive_b": 12207,
 "a_to_b": {
  "mean": 0.5842309594154358,
  "p50": 0.5935307741165161,
  "frac_gt03": 0.8623127341270447,
  "frac_gt05": 0.6238006949424744,
  "frac_gt07": 0.35852548480033875
 },
 "b_to_a": {
  "mean": 0.5731422305107117,
  "p50": 0.5833653807640076,
  "frac_gt03": 0.8436962366104126,
  "frac_gt05": 0.6030146479606628,
  "frac_gt07": 0.34857049584388733
 }
}