{
 "run_a": "muonmlp_s0_w250",
 "run_b": "muonmlp_s1_w250",
 "layer": 6,
 "tokens": 1007616,
 "n_alive_a": 11504,
 "n_alive_b": 10698,
 "a_to_b": {
  "mean": 0.5895910263061523,
  "p50": 0.6042248010635376,
  "frac_gt03": 0.8515298962593079,
  "frac_gt05": 0.6240438222885132,
  "frac_gt07": 0.38134562969207764
 },
 "b_to_a": {
  "mean": 0.6094081401824951,
  "p50": 0.633476197719574,
  "frac_gt03": 0.8696017861366272,
  "frac_gt05": 0.6604037880897522,
  "frac_gt07": 0.4135352373123169
 }
}