{
 "run_a": "muon_s2",
 "run_b": "muon_s4",
 "layer": 6,
 "tokens": 1007616,
 "n_alive_a": 11654,
 "n_alive_b": 11651,
 "a_to_b": {
  "mean": 0.623589038848877,
  "p50": 0.6490844488143921,
  "frac_gt03": 0.8875922560691833,
  "frac_gt05": 0.6718723177909851,
  "frac_gt07": 0.4369315207004547
 },
 "b_to_a": {
  "mean": 0.6223248243331909,
  "p50": 0.6491149067878723,
  "frac_gt03": 0.8832718729972839,
  "frac_gt05": 0.6716161966323853,
  "frac_gt07": 0.4350699782371521
 }
}