{
 "run_a": "muonattn_s1",
 "run_b": "muonattn_s2",
 "layer": 6,
 "tokens": 1007616,
 "n_alive_a": 12245,
 "n_alive_b": 12220,
 "a_to_b": {
  "mean": 0.6023776531219482,
  "p50": 0.619360625743866,
  "frac_gt03": 0.8567578792572021,
  "frac_gt05": 0.6303797364234924,
  "frac_gt07": 0.4071866273880005
 },
 "b_to_a": {
  "mean": 0.6071495413780212,
  "p50": 0.6219944357872009,
  "frac_gt03": 0.8699672222137451,
  "frac_gt05": 0.6369066834449768,
  "frac_gt07": 0.40924713015556335
 }
}