{
 "run_a": "muonmlp_s2",
 "run_b": "muonmlp_s4",
 "layer": 6,
 "tokens": 1007616,
 "n_alive_a": 11841,
 "n_alive_b": 12132,
 "a_to_b": {
  "mean": 0.6334109306335449,
  "p50": 0.6640937924385071,
  "frac_gt03": 0.8952791094779968,
  "frac_gt05": 0.694366991519928,
  "frac_gt07": 0.4546068608760834
 },
 "b_to_a": {
  "mean": 0.6325631141662598,
  "p50": 0.6645737290382385,
  "frac_gt03": 0.8949884176254272,
  "frac_gt05": 0.6961753964424133,
  "frac_gt07": 0.45120343565940857
 }
}