{
 "run_a": "muon_s0",
 "run_b": "muon_s1",
 "layer": 6,
 "tokens": 1007616,
 "n_alive_a": 11584,
 "n_alive_b": 11369,
 "a_to_b": {
  "mean": 0.6232870221138,
  "p50": 0.6499333381652832,
  "frac_gt03": 0.8808702230453491,
  "frac_gt05": 0.6734288930892944,
  "frac_gt07": 0.4364641010761261
 },
 "b_to_a": {
  "mean": 0.6219393014907837,
  "p50": 0.6479763388633728,
  "frac_gt03": 0.8796728253364563,
  "frac_gt05": 0.6721787452697754,
  "frac_gt07": 0.43398717045783997
 }
}