{
 "run_a": "muon_s1",
 "run_b": "muon_s2",
 "layer": 9,
 "tokens": 1007616,
 "n_alive_a": 11957,
 "n_alive_b": 11882,
 "a_to_b": {
  "mean": 0.6091305017471313,
  "p50": 0.627278208732605,
  "frac_gt03": 0.8833319544792175,
  "frac_gt05": 0.6633771061897278,
  "frac_gt07": 0.40010038018226624
 },
 "b_to_a": {
  "mean": 0.6101342439651489,
  "p50": 0.6293666362762451,
  "frac_gt03": 0.8852044939994812,
  "frac_gt05": 0.6649553775787354,
  "frac_gt07": 0.4009425938129425
 }
}