{
 "run_a": "muonmlp_s0",
 "run_b": "adamw_s0",
 "layer": 6,
 "tokens": 1007616,
 "n_alive_a": 12150,
 "n_alive_b": 12099,
 "a_to_b": {
  "mean": 0.599912703037262,
  "p50": 0.6186164617538452,
  "frac_gt03": 0.8734156489372253,
  "frac_gt05": 0.6484773755073547,
  "frac_gt07": 0.38781893253326416
 },
 "b_to_a": {
  "mean": 0.5780645608901978,
  "p50": 0.5889737010002136,
  "frac_gt03": 0.8272584676742554,
  "frac_gt05": 0.5991404056549072,
  "frac_gt07": 0.3696173131465912
 }
}