{
 "run_a": "muon_s2_350m",
 "run_b": "adamw_s1_350m",
 "layer": 12,
 "tokens": 1007616,
 "n_alive_a": 13577,
 "n_alive_b": 13451,
 "a_to_b": {
  "mean": 0.5921772718429565,
  "p50": 0.6136063933372498,
  "frac_gt03": 0.8392870426177979,
  "frac_gt05": 0.6266480088233948,
  "frac_gt07": 0.39890992641448975
 },
 "b_to_a": {
  "mean": 0.588276207447052,
  "p50": 0.6023375988006592,
  "frac_gt03": 0.8410527110099792,
  "frac_gt05": 0.6146011352539062,
  "frac_gt07": 0.3901568651199341
 }
}