{
 "run_a": "muon_s1_tiny",
 "run_b": "adamw_s0_tiny",
 "layer": 3,
 "tokens": 1007616,
 "n_alive_a": 6140,
 "n_alive_b": 6144,
 "a_to_b": {
  "mean": 0.5646653771400452,
  "p50": 0.5656490921974182,
  "frac_gt03": 0.8335504531860352,
  "frac_gt05": 0.5885993242263794,
  "frac_gt07": 0.33061888813972473
 },
 "b_to_a": {
  "mean": 0.5277429819107056,
  "p50": 0.5183162093162537,
  "frac_gt03": 0.7565104365348816,
  "frac_gt05": 0.521484375,
  "frac_gt07": 0.3069661557674408
 }
}