{
 "run_a": "muonmlp_s3",
 "run_b": "muonmlp_s4",
 "layer": 6,
 "tokens": 1007616,
 "n_alive_a": 12051,
 "n_alive_b": 12126,
 "a_to_b": {
  "mean": 0.6164149045944214,
  "p50": 0.6474883556365967,
  "frac_gt03": 0.8648245334625244,
  "frac_gt05": 0.6696539521217346,
  "frac_gt07": 0.4339058995246887
 },
 "b_to_a": {
  "mean": 0.6252915263175964,
  "p50": 0.6572492718696594,
  "frac_gt03": 0.8781956434249878,
  "frac_gt05": 0.685634195804596,
  "frac_gt07": 0.4438396990299225
 }
}