{
 "run_a": "muon_s0_wd",
 "run_b": "muon_s2_wd",
 "layer": 6,
 "tokens": 1007616,
 "n_alive_a": 11288,
 "n_alive_b": 11323,
 "a_to_b": {
  "mean": 0.6152786016464233,
  "p50": 0.6398411393165588,
  "frac_gt03": 0.8747342228889465,
  "frac_gt05": 0.6677888035774231,
  "frac_gt07": 0.4279766082763672
 },
 "b_to_a": {
  "mean": 0.613812267780304,
  "p50": 0.635586142539978,
  "frac_gt03": 0.8746798634529114,
  "frac_gt05": 0.6632518172264099,
  "frac_gt07": 0.4209131896495819
 }
}