{
 "run_a": "muonmlp_s1",
 "run_b": "muonmlp_s2",
 "layer": 6,
 "tokens": 1007616,
 "n_alive_a": 12038,
 "n_alive_b": 11841,
 "a_to_b": {
  "mean": 0.6347247958183289,
  "p50": 0.6657752394676208,
  "frac_gt03": 0.8949991464614868,
  "frac_gt05": 0.6969596147537231,
  "frac_gt07": 0.4551420509815216
 },
 "b_to_a": {
  "mean": 0.6306350231170654,
  "p50": 0.6609764695167542,
  "frac_gt03": 0.8901274800300598,
  "frac_gt05": 0.6859217882156372,
  "frac_gt07": 0.45046868920326233
 }
}