{
 "run_a": "muonmlp_s1",
 "run_b": "muonmlp_s3",
 "layer": 6,
 "tokens": 1007616,
 "n_alive_a": 12038,
 "n_alive_b": 12117,
 "a_to_b": {
  "mean": 0.6277764439582825,
  "p50": 0.6634291410446167,
  "frac_gt03": 0.8809602856636047,
  "frac_gt05": 0.6855790019035339,
  "frac_gt07": 0.44891178607940674
 },
 "b_to_a": {
  "mean": 0.612999439239502,
  "p50": 0.6471026539802551,
  "frac_gt03": 0.8589584827423096,
  "frac_gt05": 0.6587439179420471,
  "frac_gt07": 0.43261533975601196
 }
}