{
 "run_a": "muonmlp3_s0",
 "run_b": "muonmlp3_s2",
 "layer": 6,
 "tokens": 1007616,
 "n_alive_a": 12277,
 "n_alive_b": 12282,
 "a_to_b": {
  "mean": 0.6208900213241577,
  "p50": 0.653715968132019,
  "frac_gt03": 0.8758654594421387,
  "frac_gt05": 0.682902991771698,
  "frac_gt07": 0.43601855635643005
 },
 "b_to_a": {
  "mean": 0.6178720593452454,
  "p50": 0.6452182531356812,
  "frac_gt03": 0.8781957626342773,
  "frac_gt05": 0.6697606444358826,
  "frac_gt07": 0.4306302070617676
 }
}