{
 "run_a": "muonmlp_s1_w250",
 "run_b": "muonmlp_s2_w250",
 "layer": 6,
 "tokens": 1007616,
 "n_alive_a": 10698,
 "n_alive_b": 11835,
 "a_to_b": {
  "mean": 0.6125353574752808,
  "p50": 0.6370313167572021,
  "frac_gt03": 0.869321346282959,
  "frac_gt05": 0.6661058068275452,
  "frac_gt07": 0.42194801568984985
 },
 "b_to_a": {
  "mean": 0.5971344113349915,
  "p50": 0.6152318716049194,
  "frac_gt03": 0.8572032451629639,
  "frac_gt05": 0.637769341468811,
  "frac_gt07": 0.3958597481250763
 }
}