{
 "run_a": "muonmlp6_s0",
 "run_b": "muonmlp6_s1",
 "layer": 6,
 "tokens": 1007616,
 "n_alive_a": 12287,
 "n_alive_b": 12288,
 "a_to_b": {
  "mean": 0.6342865228652954,
  "p50": 0.6698614954948425,
  "frac_gt03": 0.8997313976287842,
  "frac_gt05": 0.7068446278572083,
  "frac_gt07": 0.45438268780708313
 },
 "b_to_a": {
  "mean": 0.6277973651885986,
  "p50": 0.6585614085197449,
  "frac_gt03": 0.89453125,
  "frac_gt05": 0.693115234375,
  "frac_gt07": 0.439208984375
 }
}