{
 "run_a": "muon_s1",
 "run_b": "adamw_s2",
 "layer": 9,
 "tokens": 1007616,
 "n_alive_a": 11957,
 "n_alive_b": 12213,
 "a_to_b": {
  "mean": 0.5873830318450928,
  "p50": 0.5957527756690979,
  "frac_gt03": 0.864263653755188,
  "frac_gt05": 0.6264113187789917,
  "frac_gt07": 0.36514177918434143
 },
 "b_to_a": {
  "mean": 0.5719137191772461,
  "p50": 0.5752382278442383,
  "frac_gt03": 0.8393515348434448,
  "frac_gt05": 0.593793511390686,
  "frac_gt07": 0.3511831760406494
 }
}