{
 "run_a": "muon_s0",
 "run_b": "muon_s2",
 "layer": 6,
 "tokens": 1007616,
 "n_alive_a": 11643,
 "n_alive_b": 11718,
 "a_to_b": {
  "mean": 0.6296127438545227,
  "p50": 0.6583070158958435,
  "frac_gt03": 0.889805018901825,
  "frac_gt05": 0.6828995943069458,
  "frac_gt07": 0.44576141238212585
 },
 "b_to_a": {
  "mean": 0.6300264000892639,
  "p50": 0.6619288325309753,
  "frac_gt03": 0.887438178062439,
  "frac_gt05": 0.6853559017181396,
  "frac_gt07": 0.44922342896461487
 }
}