{
 "run_a": "muon_s0_350m",
 "run_b": "adamw_s1_350m",
 "layer": 12,
 "tokens": 1007616,
 "n_alive_a": 12944,
 "n_alive_b": 13451,
 "a_to_b": {
  "mean": 0.5980949997901917,
  "p50": 0.6244099736213684,
  "frac_gt03": 0.845256507396698,
  "frac_gt05": 0.6304079294204712,
  "frac_gt07": 0.4071384370326996
 },
 "b_to_a": {
  "mean": 0.5845849514007568,
  "p50": 0.5975517630577087,
  "frac_gt03": 0.8351795673370361,
  "frac_gt05": 0.6068693995475769,
  "frac_gt07": 0.3830941915512085
 }
}