{
 "run_a": "muonattn_s2",
 "run_b": "muon_s2",
 "layer": 6,
 "tokens": 1007616,
 "n_alive_a": 12220,
 "n_alive_b": 11484,
 "a_to_b": {
  "mean": 0.5917963981628418,
  "p50": 0.603006899356842,
  "frac_gt03": 0.8574467897415161,
  "frac_gt05": 0.6246317625045776,
  "frac_gt07": 0.3850245475769043
 },
 "b_to_a": {
  "mean": 0.5829616785049438,
  "p50": 0.5922179818153381,
  "frac_gt03": 0.8308080434799194,
  "frac_gt05": 0.610414445400238,
  "frac_gt07": 0.3782654106616974
 }
}