{
 "run_a": "muon_s0_350m",
 "run_b": "adamw_s2_350m",
 "layer": 12,
 "tokens": 1007616,
 "n_alive_a": 12944,
 "n_alive_b": 12357,
 "a_to_b": {
  "mean": 0.5900649428367615,
  "p50": 0.6122682094573975,
  "frac_gt03": 0.8358312845230103,
  "frac_gt05": 0.6225277781486511,
  "frac_gt07": 0.3994128406047821
 },
 "b_to_a": {
  "mean": 0.592547595500946,
  "p50": 0.614982008934021,
  "frac_gt03": 0.8417900800704956,
  "frac_gt05": 0.6261228322982788,
  "frac_gt07": 0.40090635418891907
 }
}