{
 "run_a": "muonmlp_s1",
 "run_b": "adamw_s0",
 "layer": 6,
 "tokens": 1007616,
 "n_alive_a": 12038,
 "n_alive_b": 12099,
 "a_to_b": {
  "mean": 0.6013386249542236,
  "p50": 0.6194995045661926,
  "frac_gt03": 0.873234748840332,
  "frac_gt05": 0.6522678136825562,
  "frac_gt07": 0.39242398738861084
 },
 "b_to_a": {
  "mean": 0.5617979168891907,
  "p50": 0.567840039730072,
  "frac_gt03": 0.8020497560501099,
  "frac_gt05": 0.5730225443840027,
  "frac_gt07": 0.3530043661594391
 }
}