{
 "run_a": "muon_s1",
 "run_b": "adamw_s1",
 "layer": 9,
 "tokens": 1007616,
 "n_alive_a": 11957,
 "n_alive_b": 12207,
 "a_to_b": {
  "mean": 0.5853576064109802,
  "p50": 0.5942882299423218,
  "frac_gt03": 0.863761842250824,
  "frac_gt05": 0.6236514449119568,
  "frac_gt07": 0.3582838773727417
 },
 "b_to_a": {
  "mean": 0.5752863883972168,
  "p50": 0.5817421078681946,
  "frac_gt03": 0.8486114740371704,
  "frac_gt05": 0.602277398109436,
  "frac_gt07": 0.34996312856674194
 }
}