{
 "run_a": "muonattn_s2",
 "run_b": "muon_s1",
 "layer": 6,
 "tokens": 1007616,
 "n_alive_a": 12220,
 "n_alive_b": 11229,
 "a_to_b": {
  "mean": 0.5869794487953186,
  "p50": 0.5953838229179382,
  "frac_gt03": 0.8563011288642883,
  "frac_gt05": 0.6153027415275574,
  "frac_gt07": 0.37144026160240173
 },
 "b_to_a": {
  "mean": 0.5760570764541626,
  "p50": 0.588270902633667,
  "frac_gt03": 0.8222459554672241,
  "frac_gt05": 0.6000534296035767,
  "frac_gt07": 0.3677976727485657
 }
}