{
 "run_a": "muonmlp_s0",
 "run_b": "muonmlp_s3",
 "layer": 6,
 "tokens": 1007616,
 "n_alive_a": 12134,
 "n_alive_b": 12051,
 "a_to_b": {
  "mean": 0.6270890235900879,
  "p50": 0.6602817177772522,
  "frac_gt03": 0.8762980103492737,
  "frac_gt05": 0.6873248815536499,
  "frac_gt07": 0.44709083437919617
 },
 "b_to_a": {
  "mean": 0.6279551982879639,
  "p50": 0.6592111587524414,
  "frac_gt03": 0.8805078268051147,
  "frac_gt05": 0.6869969367980957,
  "frac_gt07": 0.44776368141174316
 }
}