{
 "run_a": "muon_s0_350m",
 "run_b": "muon_s1_350m",
 "layer": 12,
 "tokens": 1007616,
 "n_alive_a": 12944,
 "n_alive_b": 13333,
 "a_to_b": {
  "mean": 0.6322436332702637,
  "p50": 0.6632897257804871,
  "frac_gt03": 0.8822620511054993,
  "frac_gt05": 0.6836372017860413,
  "frac_gt07": 0.45542335510253906
 },
 "b_to_a": {
  "mean": 0.6281383633613586,
  "p50": 0.6579927802085876,
  "frac_gt03": 0.8778219223022461,
  "frac_gt05": 0.6774919033050537,
  "frac_gt07": 0.44963622093200684
 }
}