{
 "run_a": "muonattn_s0",
 "run_b": "muonattn_s1",
 "layer": 9,
 "tokens": 1007616,
 "n_alive_a": 12258,
 "n_alive_b": 12259,
 "a_to_b": {
  "mean": 0.5954607725143433,
  "p50": 0.6056126952171326,
  "frac_gt03": 0.8604176640510559,
  "frac_gt05": 0.6292217373847961,
  "frac_gt07": 0.3848099112510681
 },
 "b_to_a": {
  "mean": 0.5916875004768372,
  "p50": 0.601830244064331,
  "frac_gt03": 0.8557794690132141,
  "frac_gt05": 0.6215841770172119,
  "frac_gt07": 0.37963947653770447
 }
}