{
 "run_a": "muonattn_s0",
 "run_b": "muonattn_s2",
 "layer": 6,
 "tokens": 1007616,
 "n_alive_a": 12228,
 "n_alive_b": 12220,
 "a_to_b": {
  "mean": 0.6089110970497131,
  "p50": 0.6245911121368408,
  "frac_gt03": 0.8628557324409485,
  "frac_gt05": 0.6415603756904602,
  "frac_gt07": 0.4103696346282959
 },
 "b_to_a": {
  "mean": 0.6111962795257568,
  "p50": 0.6279317736625671,
  "frac_gt03": 0.8692307472229004,
  "frac_gt05": 0.6475449800491333,
  "frac_gt07": 0.4153027832508087
 }
}