{
 "run_a": "muonattn_s0",
 "run_b": "muonattn_s2",
 "layer": 6,
 "tokens": 1007616,
 "n_alive_a": 12203,
 "n_alive_b": 12171,
 "a_to_b": {
  "mean": 0.6102042198181152,
  "p50": 0.6301045417785645,
  "frac_gt03": 0.8656067848205566,
  "frac_gt05": 0.6487748622894287,
  "frac_gt07": 0.41391459107398987
 },
 "b_to_a": {
  "mean": 0.6117109656333923,
  "p50": 0.6301974654197693,
  "frac_gt03": 0.8694437146186829,
  "frac_gt05": 0.6480979323387146,
  "frac_gt07": 0.41574233770370483
 }
}