{
 "run_a": "muon_s1_tiny",
 "run_b": "muon_s2_tiny",
 "layer": 3,
 "tokens": 1007616,
 "n_alive_a": 6140,
 "n_alive_b": 6122,
 "a_to_b": {
  "mean": 0.5839024782180786,
  "p50": 0.593264102935791,
  "frac_gt03": 0.8486970663070679,
  "frac_gt05": 0.6136807799339294,
  "frac_gt07": 0.3672638237476349
 },
 "b_to_a": {
  "mean": 0.5780452489852905,
  "p50": 0.5852706432342529,
  "frac_gt03": 0.8356745839118958,
  "frac_gt05": 0.6016007661819458,
  "frac_gt07": 0.36327996850013733
 }
}