{
 "run_a": "muonattn_s0",
 "run_b": "adamw_s2",
 "layer": 6,
 "tokens": 1007616,
 "n_alive_a": 12228,
 "n_alive_b": 12071,
 "a_to_b": {
  "mean": 0.5968067646026611,
  "p50": 0.6086776852607727,
  "frac_gt03": 0.8675171732902527,
  "frac_gt05": 0.6350997686386108,
  "frac_gt07": 0.38673534989356995
 },
 "b_to_a": {
  "mean": 0.571292519569397,
  "p50": 0.5796086192131042,
  "frac_gt03": 0.8160053491592407,
  "frac_gt05": 0.5872753262519836,
  "frac_gt07": 0.365752637386322
 }
}