{
 "run_a": "muon_s0",
 "run_b": "muon_s1",
 "layer": 6,
 "tokens": 1007616,
 "n_alive_a": 11609,
 "n_alive_b": 11460,
 "a_to_b": {
  "mean": 0.6259635090827942,
  "p50": 0.6568089723587036,
  "frac_gt03": 0.8805237412452698,
  "frac_gt05": 0.6780084371566772,
  "frac_gt07": 0.44706693291664124
 },
 "b_to_a": {
  "mean": 0.6216845512390137,
  "p50": 0.6513326168060303,
  "frac_gt03": 0.8735601902008057,
  "frac_gt05": 0.6659685969352722,
  "frac_gt07": 0.442582905292511
 }
}