{
 "run_a": "muon_s2_tiny",
 "run_b": "adamw_s2_tiny",
 "layer": 3,
 "tokens": 1007616,
 "n_alive_a": 6122,
 "n_alive_b": 6144,
 "a_to_b": {
  "mean": 0.5539537668228149,
  "p50": 0.5525395274162292,
  "frac_gt03": 0.8118261694908142,
  "frac_gt05": 0.5640313625335693,
  "frac_gt07": 0.3263639211654663
 },
 "b_to_a": {
  "mean": 0.5496712923049927,
  "p50": 0.5427863001823425,
  "frac_gt03": 0.8141276240348816,
  "frac_gt05": 0.5535482168197632,
  "frac_gt07": 0.3167317807674408
 }
}