{
 "run_a": "muon_s2",
 "run_b": "adamw_s1",
 "layer": 6,
 "tokens": 1007616,
 "n_alive_a": 11484,
 "n_alive_b": 12255,
 "a_to_b": {
  "mean": 0.599564254283905,
  "p50": 0.6172847151756287,
  "frac_gt03": 0.8618077039718628,
  "frac_gt05": 0.6342737674713135,
  "frac_gt07": 0.39881572127342224
 },
 "b_to_a": {
  "mean": 0.5810510516166687,
  "p50": 0.5887594223022461,
  "frac_gt03": 0.8391677141189575,
  "frac_gt05": 0.5957568287849426,
  "frac_gt07": 0.3718482255935669
 }
}