{
 "run_a": "muonmlp_s0_w250",
 "run_b": "muonmlp_s2_w250",
 "layer": 6,
 "tokens": 1007616,
 "n_alive_a": 11206,
 "n_alive_b": 11868,
 "a_to_b": {
  "mean": 0.5953255891799927,
  "p50": 0.6136516332626343,
  "frac_gt03": 0.849544882774353,
  "frac_gt05": 0.6293950080871582,
  "frac_gt07": 0.39844727516174316
 },
 "b_to_a": {
  "mean": 0.5992975234985352,
  "p50": 0.6163946986198425,
  "frac_gt03": 0.8613077402114868,
  "frac_gt05": 0.6401246786117554,
  "frac_gt07": 0.3967812657356262
 }
}