{
 "run_a": "muon_s0",
 "run_b": "muon_s1",
 "layer": 9,
 "tokens": 1007616,
 "n_alive_a": 11871,
 "n_alive_b": 11957,
 "a_to_b": {
  "mean": 0.611153781414032,
  "p50": 0.6283809542655945,
  "frac_gt03": 0.8818128108978271,
  "frac_gt05": 0.6664981842041016,
  "frac_gt07": 0.410327672958374
 },
 "b_to_a": {
  "mean": 0.6116539239883423,
  "p50": 0.62690669298172,
  "frac_gt03": 0.8875136375427246,
  "frac_gt05": 0.6667224764823914,
  "frac_gt07": 0.4048674702644348
 }
}