{
 "run_a": "muon_s0",
 "run_b": "muon_s1",
 "layer": 6,
 "tokens": 1007616,
 "n_alive_a": 11657,
 "n_alive_b": 11408,
 "a_to_b": {
  "mean": 0.6293655037879944,
  "p50": 0.6631402969360352,
  "frac_gt03": 0.8805010318756104,
  "frac_gt05": 0.6855966448783875,
  "frac_gt07": 0.4519173204898834
 },
 "b_to_a": {
  "mean": 0.6273201107978821,
  "p50": 0.6638392210006714,
  "frac_gt03": 0.8720196485519409,
  "frac_gt05": 0.6798737645149231,
  "frac_gt07": 0.4516128897666931
 }
}