{
 "run_a": "muonmlp_s1",
 "run_b": "muonmlp_s3",
 "layer": 6,
 "tokens": 1007616,
 "n_alive_a": 12056,
 "n_alive_b": 12051,
 "a_to_b": {
  "mean": 0.623417317867279,
  "p50": 0.6549068093299866,
  "frac_gt03": 0.8781519532203674,
  "frac_gt05": 0.6854678392410278,
  "frac_gt07": 0.4414399564266205
 },
 "b_to_a": {
  "mean": 0.6132418513298035,
  "p50": 0.640580952167511,
  "frac_gt03": 0.8637457489967346,
  "frac_gt05": 0.6632644534111023,
  "frac_gt07": 0.4271014928817749
 }
}