{
 "run_a": "muonattn_s1",
 "run_b": "muonattn_s2",
 "layer": 6,
 "tokens": 1007616,
 "n_alive_a": 12201,
 "n_alive_b": 12171,
 "a_to_b": {
  "mean": 0.6063510775566101,
  "p50": 0.6265454292297363,
  "frac_gt03": 0.8598476052284241,
  "frac_gt05": 0.6397016644477844,
  "frac_gt07": 0.4107040464878082
 },
 "b_to_a": {
  "mean": 0.611537754535675,
  "p50": 0.6284695267677307,
  "frac_gt03": 0.8742913007736206,
  "frac_gt05": 0.6514665484428406,
  "frac_gt07": 0.41179853677749634
 }
}