{
 "run_a": "muon_s0_tiny",
 "run_b": "adamw_s2_tiny",
 "layer": 3,
 "tokens": 1007616,
 "n_alive_a": 6140,
 "n_alive_b": 6144,
 "a_to_b": {
  "mean": 0.5618227124214172,
  "p50": 0.5624040365219116,
  "frac_gt03": 0.8275244235992432,
  "frac_gt05": 0.5775244235992432,
  "frac_gt07": 0.33208468556404114
 },
 "b_to_a": {
  "mean": 0.5508042573928833,
  "p50": 0.550280749797821,
  "frac_gt03": 0.8053385615348816,
  "frac_gt05": 0.5572916865348816,
  "frac_gt07": 0.31982421875
 }
}