{
 "run_a": "muon_s1_wd",
 "run_b": "muon_s2_wd",
 "layer": 6,
 "tokens": 1007616,
 "n_alive_a": 11740,
 "n_alive_b": 11807,
 "a_to_b": {
  "mean": 0.6157625913619995,
  "p50": 0.6413961052894592,
  "frac_gt03": 0.8800681829452515,
  "frac_gt05": 0.6678875684738159,
  "frac_gt07": 0.422913134098053
 },
 "b_to_a": {
  "mean": 0.615939736366272,
  "p50": 0.6405209898948669,
  "frac_gt03": 0.8815956711769104,
  "frac_gt05": 0.6682476997375488,
  "frac_gt07": 0.42280006408691406
 }
}