{
 "run_a": "muonattn_s1",
 "run_b": "muon_s2",
 "layer": 6,
 "tokens": 1007616,
 "n_alive_a": 12245,
 "n_alive_b": 11484,
 "a_to_b": {
  "mean": 0.5926764607429504,
  "p50": 0.6034112572669983,
  "frac_gt03": 0.8617395162582397,
  "frac_gt05": 0.6218048334121704,
  "frac_gt07": 0.38244181871414185
 },
 "b_to_a": {
  "mean": 0.5883784294128418,
  "p50": 0.6034112572669983,
  "frac_gt03": 0.8452629446983337,
  "frac_gt05": 0.6156391501426697,
  "frac_gt07": 0.3817484974861145
 }
}