{
 "run_a": "muonmlp_s1",
 "run_b": "adamw_s2",
 "layer": 6,
 "tokens": 1007616,
 "n_alive_a": 12038,
 "n_alive_b": 12071,
 "a_to_b": {
  "mean": 0.6039683818817139,
  "p50": 0.6255094408988953,
  "frac_gt03": 0.8771390318870544,
  "frac_gt05": 0.6551752686500549,
  "frac_gt07": 0.39674365520477295
 },
 "b_to_a": {
  "mean": 0.559877336025238,
  "p50": 0.56365966796875,
  "frac_gt03": 0.7971170544624329,
  "frac_gt05": 0.5692154765129089,
  "frac_gt07": 0.3561428189277649
 }
}