{
 "run_a": "muonmlp_s0",
 "run_b": "muonmlp_s2",
 "layer": 9,
 "tokens": 1007616,
 "n_alive_a": 12175,
 "n_alive_b": 12272,
 "a_to_b": {
  "mean": 0.6093936562538147,
  "p50": 0.6392680406570435,
  "frac_gt03": 0.8595482110977173,
  "frac_gt05": 0.6625872254371643,
  "frac_gt07": 0.42045173048973083
 },
 "b_to_a": {
  "mean": 0.628422200679779,
  "p50": 0.6552842259407043,
  "frac_gt03": 0.895779013633728,
  "frac_gt05": 0.6919817328453064,
  "frac_gt07": 0.4376629590988159
 }
}