{
 "run_a": "muonmlp_s0",
 "run_b": "adamw_s2",
 "layer": 6,
 "tokens": 1007616,
 "n_alive_a": 12150,
 "n_alive_b": 12071,
 "a_to_b": {
  "mean": 0.6019393801689148,
  "p50": 0.6204670071601868,
  "frac_gt03": 0.8674073815345764,
  "frac_gt05": 0.6528394818305969,
  "frac_gt07": 0.39580246806144714
 },
 "b_to_a": {
  "mean": 0.5750706791877747,
  "p50": 0.5860616564750671,
  "frac_gt03": 0.8179935812950134,
  "frac_gt05": 0.5962223410606384,
  "frac_gt07": 0.37320852279663086
 }
}