{
 "run_a": "muon_s0",
 "run_b": "adamw_s1",
 "layer": 9,
 "tokens": 1007616,
 "n_alive_a": 11871,
 "n_alive_b": 12207,
 "a_to_b": {
  "mean": 0.58652263879776,
  "p50": 0.5979642868041992,
  "frac_gt03": 0.86134272813797,
  "frac_gt05": 0.6235363483428955,
  "frac_gt07": 0.37065115571022034
 },
 "b_to_a": {
  "mean": 0.576630175113678,
  "p50": 0.5845373272895813,
  "frac_gt03": 0.8474645614624023,
  "frac_gt05": 0.6026050448417664,
  "frac_gt07": 0.35815516114234924
 }
}