{
 "run_a": "muon_s0",
 "run_b": "muon_s2",
 "layer": 6,
 "tokens": 1007616,
 "n_alive_a": 11584,
 "n_alive_b": 11597,
 "a_to_b": {
  "mean": 0.6247528195381165,
  "p50": 0.6517285704612732,
  "frac_gt03": 0.8818197846412659,
  "frac_gt05": 0.6761913299560547,
  "frac_gt07": 0.4430248737335205
 },
 "b_to_a": {
  "mean": 0.6251923441886902,
  "p50": 0.6527161002159119,
  "frac_gt03": 0.8836768269538879,
  "frac_gt05": 0.6793136596679688,
  "frac_gt07": 0.4408898949623108
 }
}