{
 "run_a": "muon_s0",
 "run_b": "muon_s1",
 "layer": 6,
 "tokens": 1007616,
 "n_alive_a": 11530,
 "n_alive_b": 11229,
 "a_to_b": {
  "mean": 0.6174359917640686,
  "p50": 0.6355828046798706,
  "frac_gt03": 0.8792714476585388,
  "frac_gt05": 0.6644405722618103,
  "frac_gt07": 0.42645272612571716
 },
 "b_to_a": {
  "mean": 0.6181620359420776,
  "p50": 0.6406910419464111,
  "frac_gt03": 0.8744322657585144,
  "frac_gt05": 0.6645293235778809,
  "frac_gt07": 0.42933475971221924
 }
}