{
 "run_a": "muonmlp_s1",
 "run_b": "muon_s1",
 "layer": 6,
 "tokens": 1007616,
 "n_alive_a": 12038,
 "n_alive_b": 11229,
 "a_to_b": {
  "mean": 0.5939120054244995,
  "p50": 0.6101112365722656,
  "frac_gt03": 0.854793131351471,
  "frac_gt05": 0.63847815990448,
  "frac_gt07": 0.3870244324207306
 },
 "b_to_a": {
  "mean": 0.5653041005134583,
  "p50": 0.5775761604309082,
  "frac_gt03": 0.7947279214859009,
  "frac_gt05": 0.5850921869277954,
  "frac_gt07": 0.368064820766449
 }
}