{
 "run_a": "muon_s0_tiny",
 "run_b": "adamw_s1_tiny",
 "layer": 3,
 "tokens": 1007616,
 "n_alive_a": 6140,
 "n_alive_b": 6144,
 "a_to_b": {
  "mean": 0.5646423101425171,
  "p50": 0.5642388463020325,
  "frac_gt03": 0.8330618739128113,
  "frac_gt05": 0.5788273811340332,
  "frac_gt07": 0.3366449475288391
 },
 "b_to_a": {
  "mean": 0.5401768684387207,
  "p50": 0.5331069827079773,
  "frac_gt03": 0.7835286855697632,
  "frac_gt05": 0.5367838740348816,
  "frac_gt07": 0.3181966245174408
 }
}