{
 "run_a": "muonattn_s0",
 "run_b": "adamw_s0",
 "layer": 6,
 "tokens": 1007616,
 "n_alive_a": 12228,
 "n_alive_b": 12099,
 "a_to_b": {
  "mean": 0.591592013835907,
  "p50": 0.6017784476280212,
  "frac_gt03": 0.86449134349823,
  "frac_gt05": 0.6259404420852661,
  "frac_gt07": 0.37651291489601135
 },
 "b_to_a": {
  "mean": 0.5715891718864441,
  "p50": 0.5774794816970825,
  "frac_gt03": 0.8251921534538269,
  "frac_gt05": 0.5879824757575989,
  "frac_gt07": 0.358624666929245
 }
}