{
 "run_a": "muonmlp_s0_w250",
 "run_b": "muonmlp_s2_w250",
 "layer": 6,
 "tokens": 1007616,
 "n_alive_a": 11504,
 "n_alive_b": 11835,
 "a_to_b": {
  "mean": 0.5948975682258606,
  "p50": 0.6113012433052063,
  "frac_gt03": 0.8502260446548462,
  "frac_gt05": 0.6367350816726685,
  "frac_gt07": 0.39334145188331604
 },
 "b_to_a": {
  "mean": 0.5997486710548401,
  "p50": 0.6228445768356323,
  "frac_gt03": 0.8574566841125488,
  "frac_gt05": 0.6443599462509155,
  "frac_gt07": 0.4013519287109375
 }
}