{
 "run_a": "muonmlp_s0",
 "run_b": "muonmlp_s1",
 "layer": 9,
 "tokens": 1007616,
 "n_alive_a": 12175,
 "n_alive_b": 12270,
 "a_to_b": {
  "mean": 0.6154290437698364,
  "p50": 0.644973874092102,
  "frac_gt03": 0.8688295483589172,
  "frac_gt05": 0.6672689914703369,
  "frac_gt07": 0.43203285336494446
 },
 "b_to_a": {
  "mean": 0.6250563263893127,
  "p50": 0.6516813635826111,
  "frac_gt03": 0.8891605734825134,
  "frac_gt05": 0.6844335794448853,
  "frac_gt07": 0.43822333216667175
 }
}