{
 "run_a": "muonattn_s0",
 "run_b": "muonattn_s1",
 "layer": 6,
 "tokens": 1007616,
 "n_alive_a": 12228,
 "n_alive_b": 12245,
 "a_to_b": {
  "mean": 0.6087297797203064,
  "p50": 0.6218485832214355,
  "frac_gt03": 0.86784428358078,
  "frac_gt05": 0.6420510411262512,
  "frac_gt07": 0.4070984721183777
 },
 "b_to_a": {
  "mean": 0.6058677434921265,
  "p50": 0.62221759557724,
  "frac_gt03": 0.8619028329849243,
  "frac_gt05": 0.6377297043800354,
  "frac_gt07": 0.40383830666542053
 }
}