{
 "run_a": "muon_s1",
 "run_b": "muon_s2",
 "layer": 6,
 "tokens": 1007616,
 "n_alive_a": 11590,
 "n_alive_b": 11748,
 "a_to_b": {
  "mean": 0.6315698027610779,
  "p50": 0.6638405323028564,
  "frac_gt03": 0.8843830823898315,
  "frac_gt05": 0.6840379238128662,
  "frac_gt07": 0.4556514024734497
 },
 "b_to_a": {
  "mean": 0.6344974637031555,
  "p50": 0.6692765355110168,
  "frac_gt03": 0.8879809975624084,
  "frac_gt05": 0.6910112500190735,
  "frac_gt07": 0.45812055468559265
 }
}