{
 "run_a": "muonattn_s2",
 "run_b": "muon_s0",
 "layer": 6,
 "tokens": 1007616,
 "n_alive_a": 12220,
 "n_alive_b": 11530,
 "a_to_b": {
  "mean": 0.5912752747535706,
  "p50": 0.6020265817642212,
  "frac_gt03": 0.860556423664093,
  "frac_gt05": 0.6230769157409668,
  "frac_gt07": 0.37913256883621216
 },
 "b_to_a": {
  "mean": 0.5803520083427429,
  "p50": 0.5907992124557495,
  "frac_gt03": 0.8316565155982971,
  "frac_gt05": 0.6069384217262268,
  "frac_gt07": 0.37519514560699463
 }
}