{
 "run_a": "muonattn_s0",
 "run_b": "muonattn_s2",
 "layer": 9,
 "tokens": 1007616,
 "n_alive_a": 12258,
 "n_alive_b": 12260,
 "a_to_b": {
  "mean": 0.5925663113594055,
  "p50": 0.5984663963317871,
  "frac_gt03": 0.8631097674369812,
  "frac_gt05": 0.6226953864097595,
  "frac_gt07": 0.3764072358608246
 },
 "b_to_a": {
  "mean": 0.5886702537536621,
  "p50": 0.5951162576675415,
  "frac_gt03": 0.8566068410873413,
  "frac_gt05": 0.6142740845680237,
  "frac_gt07": 0.37569332122802734
 }
}