{
 "run_a": "muonmlp_s1",
 "run_b": "muonmlp_s4",
 "layer": 6,
 "tokens": 1007616,
 "n_alive_a": 12038,
 "n_alive_b": 12132,
 "a_to_b": {
  "mean": 0.6321280598640442,
  "p50": 0.6642140746116638,
  "frac_gt03": 0.889931857585907,
  "frac_gt05": 0.6956304907798767,
  "frac_gt07": 0.44965940713882446
 },
 "b_to_a": {
  "mean": 0.6259329915046692,
  "p50": 0.6577911376953125,
  "frac_gt03": 0.885262131690979,
  "frac_gt05": 0.6812561750411987,
  "frac_gt07": 0.4405703842639923
 }
}