{
 "run_a": "muon_s1_gelu",
 "run_b": "muon_s2_gelu",
 "layer": 6,
 "tokens": 1007616,
 "n_alive_a": 11997,
 "n_alive_b": 11854,
 "a_to_b": {
  "mean": 0.6534688472747803,
  "p50": 0.6865451335906982,
  "frac_gt03": 0.9053096771240234,
  "frac_gt05": 0.7251812815666199,
  "frac_gt07": 0.48353755474090576
 },
 "b_to_a": {
  "mean": 0.6530072689056396,
  "p50": 0.6926131248474121,
  "frac_gt03": 0.9002024531364441,
  "frac_gt05": 0.7252404093742371,
  "frac_gt07": 0.491142213344574
 }
}