{
 "run_a": "muon_s0",
 "run_b": "muon_s1",
 "layer": 6,
 "tokens": 1007616,
 "n_alive_a": 11760,
 "n_alive_b": 11590,
 "a_to_b": {
  "mean": 0.6346853375434875,
  "p50": 0.667656660079956,
  "frac_gt03": 0.8895408511161804,
  "frac_gt05": 0.690816342830658,
  "frac_gt07": 0.45688775181770325
 },
 "b_to_a": {
  "mean": 0.6312155723571777,
  "p50": 0.6628563404083252,
  "frac_gt03": 0.8844693303108215,
  "frac_gt05": 0.6835202574729919,
  "frac_gt07": 0.45038825273513794
 }
}