{
 "run_a": "muonmlp_s0",
 "run_b": "muonmlp_s1",
 "layer": 6,
 "tokens": 1007616,
 "n_alive_a": 12150,
 "n_alive_b": 12038,
 "a_to_b": {
  "mean": 0.6201279163360596,
  "p50": 0.6497749090194702,
  "frac_gt03": 0.8728395104408264,
  "frac_gt05": 0.6717695593833923,
  "frac_gt07": 0.43711933493614197
 },
 "b_to_a": {
  "mean": 0.6348438858985901,
  "p50": 0.6660889983177185,
  "frac_gt03": 0.894500732421875,
  "frac_gt05": 0.6977072358131409,
  "frac_gt07": 0.4553912580013275
 }
}