{
 "run_a": "muonmlp_s0",
 "run_b": "muonmlp_s1",
 "layer": 6,
 "tokens": 1007616,
 "n_alive_a": 12134,
 "n_alive_b": 12056,
 "a_to_b": {
  "mean": 0.6202017068862915,
  "p50": 0.6520220637321472,
  "frac_gt03": 0.8724246025085449,
  "frac_gt05": 0.6755397915840149,
  "frac_gt07": 0.44156914949417114
 },
 "b_to_a": {
  "mean": 0.6307837963104248,
  "p50": 0.6650714874267578,
  "frac_gt03": 0.8901791572570801,
  "frac_gt05": 0.6926841735839844,
  "frac_gt07": 0.4518911838531494
 }
}