{
 "run_a": "muonmlp_s2",
 "run_b": "muonmlp_s3",
 "layer": 6,
 "tokens": 1007616,
 "n_alive_a": 11841,
 "n_alive_b": 12117,
 "a_to_b": {
  "mean": 0.630728542804718,
  "p50": 0.666375994682312,
  "frac_gt03": 0.8828645944595337,
  "frac_gt05": 0.6906511187553406,
  "frac_gt07": 0.45477575063705444
 },
 "b_to_a": {
  "mean": 0.6211073398590088,
  "p50": 0.6536355018615723,
  "frac_gt03": 0.8710901737213135,
  "frac_gt05": 0.671370804309845,
  "frac_gt07": 0.4412808418273926
 }
}