{
 "run_a": "muon_s0_tiny",
 "run_b": "muon_s1_tiny",
 "layer": 3,
 "tokens": 1007616,
 "n_alive_a": 6140,
 "n_alive_b": 6140,
 "a_to_b": {
  "mean": 0.5831359028816223,
  "p50": 0.5896512269973755,
  "frac_gt03": 0.8456025719642639,
  "frac_gt05": 0.6105862855911255,
  "frac_gt07": 0.3682410418987274
 },
 "b_to_a": {
  "mean": 0.5833113789558411,
  "p50": 0.5905197262763977,
  "frac_gt03": 0.8456025719642639,
  "frac_gt05": 0.6136807799339294,
  "frac_gt07": 0.3656351864337921
 }
}