{
 "run_a": "muon_s0",
 "run_b": "adamw_s0",
 "layer": 6,
 "tokens": 1007616,
 "n_alive_a": 11530,
 "n_alive_b": 12099,
 "a_to_b": {
  "mean": 0.5981479287147522,
  "p50": 0.6125058531761169,
  "frac_gt03": 0.8581092357635498,
  "frac_gt05": 0.6406764984130859,
  "frac_gt07": 0.39557674527168274
 },
 "b_to_a": {
  "mean": 0.5871008634567261,
  "p50": 0.5942351222038269,
  "frac_gt03": 0.846681535243988,
  "frac_gt05": 0.6132737994194031,
  "frac_gt07": 0.37895694375038147
 }
}