{
 "run_a": "muon_s0_tiny",
 "run_b": "muon_s2_tiny",
 "layer": 3,
 "tokens": 1007616,
 "n_alive_a": 6140,
 "n_alive_b": 6122,
 "a_to_b": {
  "mean": 0.5841544270515442,
  "p50": 0.5914546847343445,
  "frac_gt03": 0.8454397320747375,
  "frac_gt05": 0.6120520830154419,
  "frac_gt07": 0.37035828828811646
 },
 "b_to_a": {
  "mean": 0.5793798565864563,
  "p50": 0.586706817150116,
  "frac_gt03": 0.838614821434021,
  "frac_gt05": 0.6042143106460571,
  "frac_gt07": 0.36785364151000977
 }
}