{
 "run_a": "muonattn_s0_w250",
 "run_b": "muonattn_s2_w250",
 "layer": 6,
 "tokens": 1007616,
 "n_alive_a": 12270,
 "n_alive_b": 12265,
 "a_to_b": {
  "mean": 0.6408502459526062,
  "p50": 0.6711733937263489,
  "frac_gt03": 0.9063569903373718,
  "frac_gt05": 0.7040749788284302,
  "frac_gt07": 0.4630807042121887
 },
 "b_to_a": {
  "mean": 0.6432977914810181,
  "p50": 0.6766321659088135,
  "frac_gt03": 0.9064003229141235,
  "frac_gt05": 0.7103139162063599,
  "frac_gt07": 0.4679168462753296
 }
}