{
 "run_a": "muonattn_s1",
 "run_b": "adamw_s1",
 "layer": 6,
 "tokens": 1007616,
 "n_alive_a": 12245,
 "n_alive_b": 12255,
 "a_to_b": {
  "mean": 0.5894607305526733,
  "p50": 0.5999916791915894,
  "frac_gt03": 0.8599428534507751,
  "frac_gt05": 0.6196815371513367,
  "frac_gt07": 0.37329524755477905
 },
 "b_to_a": {
  "mean": 0.5658277273178101,
  "p50": 0.5700762867927551,
  "frac_gt03": 0.8136271238327026,
  "frac_gt05": 0.5764178037643433,
  "frac_gt07": 0.35095879435539246
 }
}