{
 "run_a": "muon_s1_tiny",
 "run_b": "adamw_s1_tiny",
 "layer": 3,
 "tokens": 1007616,
 "n_alive_a": 6140,
 "n_alive_b": 6144,
 "a_to_b": {
  "mean": 0.5651310682296753,
  "p50": 0.5658067464828491,
  "frac_gt03": 0.8332247138023376,
  "frac_gt05": 0.5827361345291138,
  "frac_gt07": 0.3359934687614441
 },
 "b_to_a": {
  "mean": 0.541285514831543,
  "p50": 0.5377769470214844,
  "frac_gt03": 0.78369140625,
  "frac_gt05": 0.5411784052848816,
  "frac_gt07": 0.31640625
 }
}