{
 "run_a": "muonattn_s1_w250",
 "run_b": "muonattn_s2_w250",
 "layer": 6,
 "tokens": 1007616,
 "n_alive_a": 12263,
 "n_alive_b": 12265,
 "a_to_b": {
  "mean": 0.6406427025794983,
  "p50": 0.671222984790802,
  "frac_gt03": 0.9036940932273865,
  "frac_gt05": 0.7053739428520203,
  "frac_gt07": 0.46171411871910095
 },
 "b_to_a": {
  "mean": 0.6453937888145447,
  "p50": 0.6754617094993591,
  "frac_gt03": 0.9105585217475891,
  "frac_gt05": 0.7143905162811279,
  "frac_gt07": 0.46522626280784607
 }
}