{
 "run_a": "muonmlp_s2",
 "run_b": "muon_s1",
 "layer": 6,
 "tokens": 1007616,
 "n_alive_a": 11841,
 "n_alive_b": 11229,
 "a_to_b": {
  "mean": 0.5917120575904846,
  "p50": 0.6122421622276306,
  "frac_gt03": 0.8512794375419617,
  "frac_gt05": 0.6347436904907227,
  "frac_gt07": 0.3865382969379425
 },
 "b_to_a": {
  "mean": 0.5687283873558044,
  "p50": 0.5861926078796387,
  "frac_gt03": 0.7983791828155518,
  "frac_gt05": 0.5939976572990417,
  "frac_gt07": 0.3759016692638397
 }
}