{
 "run_a": "muon_s0_wd",
 "run_b": "muon_s1_wd",
 "layer": 6,
 "tokens": 1007616,
 "n_alive_a": 11782,
 "n_alive_b": 11740,
 "a_to_b": {
  "mean": 0.6208711862564087,
  "p50": 0.643664538860321,
  "frac_gt03": 0.8861823081970215,
  "frac_gt05": 0.6762858629226685,
  "frac_gt07": 0.4301476776599884
 },
 "b_to_a": {
  "mean": 0.6191452145576477,
  "p50": 0.6425840854644775,
  "frac_gt03": 0.8821976780891418,
  "frac_gt05": 0.6727427840232849,
  "frac_gt07": 0.4287053048610687
 }
}