{
 "run_a": "muon_s2_350m",
 "run_b": "adamw_s0_350m",
 "layer": 12,
 "tokens": 1007616,
 "n_alive_a": 13577,
 "n_alive_b": 12000,
 "a_to_b": {
  "mean": 0.5771967172622681,
  "p50": 0.5875060558319092,
  "frac_gt03": 0.8232304453849792,
  "frac_gt05": 0.5997642874717712,
  "frac_gt07": 0.37254178524017334
 },
 "b_to_a": {
  "mean": 0.5916416645050049,
  "p50": 0.6127563118934631,
  "frac_gt03": 0.8458333015441895,
  "frac_gt05": 0.6225833296775818,
  "frac_gt07": 0.3982499837875366
 }
}