{
 "run_a": "muon_s1_350m",
 "run_b": "adamw_s2_350m",
 "layer": 12,
 "tokens": 1007616,
 "n_alive_a": 13333,
 "n_alive_b": 12357,
 "a_to_b": {
  "mean": 0.5872517824172974,
  "p50": 0.6071186661720276,
  "frac_gt03": 0.8337208032608032,
  "frac_gt05": 0.6180154085159302,
  "frac_gt07": 0.3915097713470459
 },
 "b_to_a": {
  "mean": 0.5943772792816162,
  "p50": 0.6152445077896118,
  "frac_gt03": 0.8462409973144531,
  "frac_gt05": 0.6282269358634949,
  "frac_gt07": 0.40017804503440857
 }
}