{
 "run_a": "muonattn_s2",
 "run_b": "adamw_s2",
 "layer": 6,
 "tokens": 1007616,
 "n_alive_a": 12220,
 "n_alive_b": 12071,
 "a_to_b": {
  "mean": 0.5933504700660706,
  "p50": 0.6064707636833191,
  "frac_gt03": 0.8653027415275574,
  "frac_gt05": 0.6295416951179504,
  "frac_gt07": 0.3829787075519562
 },
 "b_to_a": {
  "mean": 0.5657668113708496,
  "p50": 0.5738233923912048,
  "frac_gt03": 0.8128572702407837,
  "frac_gt05": 0.5791566967964172,
  "frac_gt07": 0.3555629253387451
 }
}