{
 "run_a": "muonmlp_s1_w250",
 "run_b": "muonmlp_s2_w250",
 "layer": 6,
 "tokens": 1007616,
 "n_alive_a": 10595,
 "n_alive_b": 11868,
 "a_to_b": {
  "mean": 0.6161596775054932,
  "p50": 0.6433923840522766,
  "frac_gt03": 0.8736196160316467,
  "frac_gt05": 0.6683341264724731,
  "frac_gt07": 0.4302029311656952
 },
 "b_to_a": {
  "mean": 0.5992347002029419,
  "p50": 0.6167072057723999,
  "frac_gt03": 0.8595382571220398,
  "frac_gt05": 0.6381024718284607,
  "frac_gt07": 0.39838218688964844
 }
}