{
 "run_a": "muon_s1",
 "run_b": "muon_s3",
 "layer": 6,
 "tokens": 1007616,
 "n_alive_a": 11229,
 "n_alive_b": 11409,
 "a_to_b": {
  "mean": 0.6171804666519165,
  "p50": 0.642142117023468,
  "frac_gt03": 0.8714934587478638,
  "frac_gt05": 0.6633716225624084,
  "frac_gt07": 0.43245169520378113
 },
 "b_to_a": {
  "mean": 0.6172487139701843,
  "p50": 0.6383526921272278,
  "frac_gt03": 0.8781663775444031,
  "frac_gt05": 0.663598895072937,
  "frac_gt07": 0.4261547923088074
 }
}