{
 "run_a": "muonmlp3_s0",
 "run_b": "muonmlp3_s1",
 "layer": 6,
 "tokens": 1007616,
 "n_alive_a": 12284,
 "n_alive_b": 12285,
 "a_to_b": {
  "mean": 0.6227914094924927,
  "p50": 0.651138424873352,
  "frac_gt03": 0.8894497156143188,
  "frac_gt05": 0.6833279132843018,
  "frac_gt07": 0.43194401264190674
 },
 "b_to_a": {
  "mean": 0.6224822998046875,
  "p50": 0.6482591032981873,
  "frac_gt03": 0.892307698726654,
  "frac_gt05": 0.6812372803688049,
  "frac_gt07": 0.42702484130859375
 }
}