{
 "run_a": "muon_s1",
 "run_b": "muon_s2",
 "tokens": 1007616,
 "n_alive_a": 11229,
 "n_alive_b": 11484,
 "a_to_b": {
  "mean": 0.6168931126594543,
  "p50": 0.6427621841430664,
  "frac_gt03": 0.8730073571205139,
  "frac_gt05": 0.6605218648910522,
  "frac_gt07": 0.43245169520378113
 },
 "b_to_a": {
  "mean": 0.6184099912643433,
  "p50": 0.6411654353141785,
  "frac_gt03": 0.8771333694458008,
  "frac_gt05": 0.6637060046195984,
  "frac_gt07": 0.42990246415138245
 }
}