{
 "run_a": "muonmlp9_s1",
 "run_b": "muonmlp9_s2",
 "layer": 6,
 "tokens": 1007616,
 "n_alive_a": 11954,
 "n_alive_b": 8347,
 "a_to_b": {
  "mean": 0.5830744504928589,
  "p50": 0.5995292663574219,
  "frac_gt03": 0.8403044939041138,
  "frac_gt05": 0.6126819252967834,
  "frac_gt07": 0.37769782543182373
 },
 "b_to_a": {
  "mean": 0.639313817024231,
  "p50": 0.6746857762336731,
  "frac_gt03": 0.9000838994979858,
  "frac_gt05": 0.7063615918159485,
  "frac_gt07": 0.4648376703262329
 }
}