{
 "run_a": "muonmlp_s2",
 "run_b": "adamw_s0",
 "layer": 6,
 "tokens": 1007616,
 "n_alive_a": 11841,
 "n_alive_b": 12099,
 "a_to_b": {
  "mean": 0.6037594079971313,
  "p50": 0.6216561794281006,
  "frac_gt03": 0.8739126324653625,
  "frac_gt05": 0.6594037413597107,
  "frac_gt07": 0.39650365710258484
 },
 "b_to_a": {
  "mean": 0.5689312219619751,
  "p50": 0.5780227780342102,
  "frac_gt03": 0.8157699108123779,
  "frac_gt05": 0.5877345204353333,
  "frac_gt07": 0.362591952085495
 }
}