{
 "run_a": "muon_s0",
 "run_b": "muon_s4",
 "layer": 6,
 "tokens": 1007616,
 "n_alive_a": 11530,
 "n_alive_b": 11405,
 "a_to_b": {
  "mean": 0.6176229119300842,
  "p50": 0.6414895057678223,
  "frac_gt03": 0.8767562508583069,
  "frac_gt05": 0.6618386507034302,
  "frac_gt07": 0.4309626817703247
 },
 "b_to_a": {
  "mean": 0.6202977895736694,
  "p50": 0.6482825875282288,
  "frac_gt03": 0.8757562637329102,
  "frac_gt05": 0.6672511696815491,
  "frac_gt07": 0.4361245036125183
 }
}