{
 "run_a": "muon_s1",
 "run_b": "adamw_s2",
 "tokens": 1007616,
 "n_alive_a": 11229,
 "n_alive_b": 12071,
 "a_to_b": {
  "mean": 0.5986841320991516,
  "p50": 0.6185836791992188,
  "frac_gt03": 0.8536823987960815,
  "frac_gt05": 0.6387033462524414,
  "frac_gt07": 0.3995903432369232
 },
 "b_to_a": {
  "mean": 0.5819920301437378,
  "p50": 0.5946512818336487,
  "frac_gt03": 0.8382073044776917,
  "frac_gt05": 0.6058321595191956,
  "frac_gt07": 0.3766879439353943
 }
}