{
 "run_a": "muon_s1_350m",
 "run_b": "muon_s2_350m",
 "layer": 12,
 "tokens": 1007616,
 "n_alive_a": 13333,
 "n_alive_b": 13577,
 "a_to_b": {
  "mean": 0.6317113637924194,
  "p50": 0.660879373550415,
  "frac_gt03": 0.885322093963623,
  "frac_gt05": 0.6870171427726746,
  "frac_gt07": 0.45286130905151367
 },
 "b_to_a": {
  "mean": 0.625781774520874,
  "p50": 0.6566156148910522,
  "frac_gt03": 0.876114010810852,
  "frac_gt05": 0.6706194281578064,
  "frac_gt07": 0.4462694227695465
 }
}