{
 "run_a": "muon_s2_tiny",
 "run_b": "adamw_s0_tiny",
 "layer": 3,
 "tokens": 1007616,
 "n_alive_a": 6122,
 "n_alive_b": 6144,
 "a_to_b": {
  "mean": 0.5601459741592407,
  "p50": 0.5567811131477356,
  "frac_gt03": 0.821300208568573,
  "frac_gt05": 0.5746487975120544,
  "frac_gt07": 0.3322443664073944
 },
 "b_to_a": {
  "mean": 0.5304621458053589,
  "p50": 0.519315242767334,
  "frac_gt03": 0.7644857168197632,
  "frac_gt05": 0.5205078125,
  "frac_gt07": 0.30908203125
 }
}