{
 "run_a": "muon_s2_tiny",
 "run_b": "adamw_s1_tiny",
 "layer": 3,
 "tokens": 1007616,
 "n_alive_a": 6122,
 "n_alive_b": 6144,
 "a_to_b": {
  "mean": 0.5605992078781128,
  "p50": 0.5588775277137756,
  "frac_gt03": 0.8201568126678467,
  "frac_gt05": 0.5759555697441101,
  "frac_gt07": 0.3342044949531555
 },
 "b_to_a": {
  "mean": 0.5435119867324829,
  "p50": 0.5397728085517883,
  "frac_gt03": 0.7893880605697632,
  "frac_gt05": 0.5436198115348816,
  "frac_gt07": 0.3181966245174408
 }
}