{
 "run_a": "muonattn_s1",
 "run_b": "adamw_s2",
 "layer": 6,
 "tokens": 1007616,
 "n_alive_a": 12245,
 "n_alive_b": 12071,
 "a_to_b": {
  "mean": 0.5926864743232727,
  "p50": 0.606575071811676,
  "frac_gt03": 0.8656594753265381,
  "frac_gt05": 0.6291548013687134,
  "frac_gt07": 0.37974685430526733
 },
 "b_to_a": {
  "mean": 0.5700235366821289,
  "p50": 0.5775635838508606,
  "frac_gt03": 0.8202303051948547,
  "frac_gt05": 0.5877723693847656,
  "frac_gt07": 0.3579653799533844
 }
}