{
 "run_a": "muonmlp3_s1",
 "run_b": "muonmlp3_s2",
 "layer": 6,
 "tokens": 1007616,
 "n_alive_a": 12285,
 "n_alive_b": 12279,
 "a_to_b": {
  "mean": 0.6230413317680359,
  "p50": 0.6471229791641235,
  "frac_gt03": 0.8930402994155884,
  "frac_gt05": 0.68660968542099,
  "frac_gt07": 0.4302808344364166
 },
 "b_to_a": {
  "mean": 0.6166890263557434,
  "p50": 0.6401912569999695,
  "frac_gt03": 0.8839482069015503,
  "frac_gt05": 0.6711458563804626,
  "frac_gt07": 0.42210277915000916
 }
}