{
 "run_a": "muonattn_s0_w250",
 "run_b": "muonattn_s1_w250",
 "layer": 6,
 "tokens": 1007616,
 "n_alive_a": 12270,
 "n_alive_b": 12263,
 "a_to_b": {
  "mean": 0.6415678858757019,
  "p50": 0.670973002910614,
  "frac_gt03": 0.9096169471740723,
  "frac_gt05": 0.7081499695777893,
  "frac_gt07": 0.4621027112007141
 },
 "b_to_a": {
  "mean": 0.640166163444519,
  "p50": 0.6720423698425293,
  "frac_gt03": 0.9022262692451477,
  "frac_gt05": 0.7048846483230591,
  "frac_gt07": 0.4628557562828064
 }
}