{
 "run_a": "muonmlp6_s0",
 "run_b": "muonmlp6_s2",
 "layer": 6,
 "tokens": 1007616,
 "n_alive_a": 12287,
 "n_alive_b": 12288,
 "a_to_b": {
  "mean": 0.6359125375747681,
  "p50": 0.668098509311676,
  "frac_gt03": 0.9026613235473633,
  "frac_gt05": 0.7081468105316162,
  "frac_gt07": 0.4560104310512543
 },
 "b_to_a": {
  "mean": 0.626487135887146,
  "p50": 0.6597145795822144,
  "frac_gt03": 0.8834635615348816,
  "frac_gt05": 0.692138671875,
  "frac_gt07": 0.4463704526424408
 }
}