{
 "run_a": "muonmlp_s2",
 "run_b": "muon_s2",
 "layer": 6,
 "tokens": 1007616,
 "n_alive_a": 11841,
 "n_alive_b": 11484,
 "a_to_b": {
  "mean": 0.5980237126350403,
  "p50": 0.6204234957695007,
  "frac_gt03": 0.8558398485183716,
  "frac_gt05": 0.6418376564979553,
  "frac_gt07": 0.3976860046386719
 },
 "b_to_a": {
  "mean": 0.5770314335823059,
  "p50": 0.5953066945075989,
  "frac_gt03": 0.809299886226654,
  "frac_gt05": 0.6022291779518127,
  "frac_gt07": 0.38383838534355164
 }
}