{
 "run_a": "muonmlp9_s1",
 "run_b": "muonmlp9_s2",
 "layer": 6,
 "tokens": 1007616,
 "n_alive_a": 12001,
 "n_alive_b": 8496,
 "a_to_b": {
  "mean": 0.5846628546714783,
  "p50": 0.6021602749824524,
  "frac_gt03": 0.8372635841369629,
  "frac_gt05": 0.6166986227035522,
  "frac_gt07": 0.37863510847091675
 },
 "b_to_a": {
  "mean": 0.6378419399261475,
  "p50": 0.672096848487854,
  "frac_gt03": 0.8986581563949585,
  "frac_gt05": 0.7059792876243591,
  "frac_gt07": 0.4622175097465515
 }
}