{
 "run_a": "muonmlp_s1",
 "run_b": "adamw_s1",
 "layer": 6,
 "tokens": 1007616,
 "n_alive_a": 12038,
 "n_alive_b": 12255,
 "a_to_b": {
  "mean": 0.5985197424888611,
  "p50": 0.6148649454116821,
  "frac_gt03": 0.8685828447341919,
  "frac_gt05": 0.6476989388465881,
  "frac_gt07": 0.38843661546707153
 },
 "b_to_a": {
  "mean": 0.5520715713500977,
  "p50": 0.554553747177124,
  "frac_gt03": 0.7878416776657104,
  "frac_gt05": 0.555936336517334,
  "frac_gt07": 0.3462260365486145
 }
}