{
 "run_a": "muon_s0",
 "run_b": "muon_s2",
 "layer": 9,
 "tokens": 1007616,
 "n_alive_a": 11871,
 "n_alive_b": 11882,
 "a_to_b": {
  "mean": 0.6087132692337036,
  "p50": 0.6272063851356506,
  "frac_gt03": 0.8814758062362671,
  "frac_gt05": 0.6576530933380127,
  "frac_gt07": 0.40577876567840576
 },
 "b_to_a": {
  "mean": 0.6102851629257202,
  "p50": 0.6270242929458618,
  "frac_gt03": 0.8878976702690125,
  "frac_gt05": 0.6605790257453918,
  "frac_gt07": 0.4022050201892853
 }
}