{
 "run_a": "muonmlp9_s0",
 "run_b": "muonmlp9_s1",
 "layer": 6,
 "tokens": 1007616,
 "n_alive_a": 12003,
 "n_alive_b": 12001,
 "a_to_b": {
  "mean": 0.6138473153114319,
  "p50": 0.6404349207878113,
  "frac_gt03": 0.8670333027839661,
  "frac_gt05": 0.6570024490356445,
  "frac_gt07": 0.42581021785736084
 },
 "b_to_a": {
  "mean": 0.6264283061027527,
  "p50": 0.6578141450881958,
  "frac_gt03": 0.8790100812911987,
  "frac_gt05": 0.6861928105354309,
  "frac_gt07": 0.4454628825187683
 }
}