{
 "run_a": "muon_s1_tiny",
 "run_b": "adamw_s2_tiny",
 "layer": 3,
 "tokens": 1007616,
 "n_alive_a": 6140,
 "n_alive_b": 6144,
 "a_to_b": {
  "mean": 0.56263267993927,
  "p50": 0.5618410706520081,
  "frac_gt03": 0.8276872634887695,
  "frac_gt05": 0.5868077874183655,
  "frac_gt07": 0.32752442359924316
 },
 "b_to_a": {
  "mean": 0.549768328666687,
  "p50": 0.5449385643005371,
  "frac_gt03": 0.8095703125,
  "frac_gt05": 0.5568034052848816,
  "frac_gt07": 0.31689453125
 }
}