{
 "run_a": "muonmlp_s0",
 "run_b": "muonmlp_s2",
 "layer": 6,
 "tokens": 1007616,
 "n_alive_a": 12150,
 "n_alive_b": 11841,
 "a_to_b": {
  "mean": 0.6279871463775635,
  "p50": 0.6583435535430908,
  "frac_gt03": 0.880823016166687,
  "frac_gt05": 0.6874074339866638,
  "frac_gt07": 0.44510287046432495
 },
 "b_to_a": {
  "mean": 0.6372431516647339,
  "p50": 0.6709461808204651,
  "frac_gt03": 0.8920698761940002,
  "frac_gt05": 0.7043323516845703,
  "frac_gt07": 0.45823830366134644
 }
}