{
 "run_a": "muon_s2",
 "run_b": "adamw_s0",
 "layer": 6,
 "tokens": 1007616,
 "n_alive_a": 11484,
 "n_alive_b": 12099,
 "a_to_b": {
  "mean": 0.6015641689300537,
  "p50": 0.6185317039489746,
  "frac_gt03": 0.8638104796409607,
  "frac_gt05": 0.6437652111053467,
  "frac_gt07": 0.3985545039176941
 },
 "b_to_a": {
  "mean": 0.5870010852813721,
  "p50": 0.5995428562164307,
  "frac_gt03": 0.8461856245994568,
  "frac_gt05": 0.6121993660926819,
  "frac_gt07": 0.3784610331058502
 }
}