{
 "run_a": "muonmlp_s3",
 "run_b": "muonmlp_s4",
 "layer": 6,
 "tokens": 1007616,
 "n_alive_a": 12117,
 "n_alive_b": 12132,
 "a_to_b": {
  "mean": 0.6190435886383057,
  "p50": 0.6507740020751953,
  "frac_gt03": 0.86473548412323,
  "frac_gt05": 0.670710563659668,
  "frac_gt07": 0.4387224614620209
 },
 "b_to_a": {
  "mean": 0.6277758479118347,
  "p50": 0.6593641042709351,
  "frac_gt03": 0.8828717470169067,
  "frac_gt05": 0.6858720779418945,
  "frac_gt07": 0.44848334789276123
 }
}