{
 "run_a": "muonmlp_s2",
 "run_b": "muonmlp_s3",
 "layer": 6,
 "tokens": 1007616,
 "n_alive_a": 11824,
 "n_alive_b": 12051,
 "a_to_b": {
  "mean": 0.6255174875259399,
  "p50": 0.6570442318916321,
  "frac_gt03": 0.8755919933319092,
  "frac_gt05": 0.686907947063446,
  "frac_gt07": 0.44595736265182495
 },
 "b_to_a": {
  "mean": 0.6205990314483643,
  "p50": 0.6484001874923706,
  "frac_gt03": 0.8731225728988647,
  "frac_gt05": 0.6758775115013123,
  "frac_gt07": 0.4385528266429901
 }
}