{
 "run_a": "muon_s1_350m",
 "run_b": "adamw_s0_350m",
 "layer": 12,
 "tokens": 1007616,
 "n_alive_a": 13333,
 "n_alive_b": 12000,
 "a_to_b": {
  "mean": 0.5813713669776917,
  "p50": 0.5947490334510803,
  "frac_gt03": 0.8321458101272583,
  "frac_gt05": 0.6103652715682983,
  "frac_gt07": 0.3771094083786011
 },
 "b_to_a": {
  "mean": 0.5904580950737,
  "p50": 0.6094881892204285,
  "frac_gt03": 0.8384999632835388,
  "frac_gt05": 0.6225000023841858,
  "frac_gt07": 0.3935000002384186
 }
}