{
 "run_a": "muonattn_s2",
 "run_b": "adamw_s1",
 "layer": 6,
 "tokens": 1007616,
 "n_alive_a": 12220,
 "n_alive_b": 12255,
 "a_to_b": {
  "mean": 0.5894043445587158,
  "p50": 0.6012487411499023,
  "frac_gt03": 0.8599836230278015,
  "frac_gt05": 0.6208674311637878,
  "frac_gt07": 0.3755319118499756
 },
 "b_to_a": {
  "mean": 0.5603314638137817,
  "p50": 0.5601328015327454,
  "frac_gt03": 0.8037535548210144,
  "frac_gt05": 0.56817626953125,
  "frac_gt07": 0.3488372266292572
 }
}