{
 "run_a": "muon_s3",
 "run_b": "muon_s4",
 "layer": 6,
 "tokens": 1007616,
 "n_alive_a": 11705,
 "n_alive_b": 11651,
 "a_to_b": {
  "mean": 0.6262603998184204,
  "p50": 0.6535544395446777,
  "frac_gt03": 0.8915847539901733,
  "frac_gt05": 0.6830414533615112,
  "frac_gt07": 0.4384450912475586
 },
 "b_to_a": {
  "mean": 0.6240828037261963,
  "p50": 0.6520023345947266,
  "frac_gt03": 0.8846451044082642,
  "frac_gt05": 0.6774526238441467,
  "frac_gt07": 0.438073992729187
 }
}