{
 "run_a": "muonmlp3_s0",
 "run_b": "muonmlp3_s2",
 "layer": 6,
 "tokens": 1007616,
 "n_alive_a": 12284,
 "n_alive_b": 12279,
 "a_to_b": {
  "mean": 0.6238981485366821,
  "p50": 0.654701292514801,
  "frac_gt03": 0.8819602727890015,
  "frac_gt05": 0.6866655945777893,
  "frac_gt07": 0.44024747610092163
 },
 "b_to_a": {
  "mean": 0.6179054975509644,
  "p50": 0.6455886960029602,
  "frac_gt03": 0.8795504570007324,
  "frac_gt05": 0.6705757975578308,
  "frac_gt07": 0.4299210011959076
 }
}