{
 "run_a": "muon_s2",
 "run_b": "adamw_s0",
 "layer": 9,
 "tokens": 1007616,
 "n_alive_a": 11882,
 "n_alive_b": 12261,
 "a_to_b": {
  "mean": 0.5843700766563416,
  "p50": 0.5921832323074341,
  "frac_gt03": 0.8568422794342041,
  "frac_gt05": 0.621191680431366,
  "frac_gt07": 0.36340683698654175
 },
 "b_to_a": {
  "mean": 0.5738046765327454,
  "p50": 0.5751625895500183,
  "frac_gt03": 0.842100977897644,
  "frac_gt05": 0.5966071486473083,
  "frac_gt07": 0.3538047671318054
 }
}