{
 "run_a": "muonmlp_s2",
 "run_b": "muonmlp_s4",
 "layer": 6,
 "tokens": 1007616,
 "n_alive_a": 11824,
 "n_alive_b": 12126,
 "a_to_b": {
  "mean": 0.6289000511169434,
  "p50": 0.6609833240509033,
  "frac_gt03": 0.8872631788253784,
  "frac_gt05": 0.690544605255127,
  "frac_gt07": 0.4481562674045563
 },
 "b_to_a": {
  "mean": 0.6308600306510925,
  "p50": 0.661523699760437,
  "frac_gt03": 0.8914728760719299,
  "frac_gt05": 0.6966023445129395,
  "frac_gt07": 0.4509319067001343
 }
}