{
 "run_a": "muon_s0",
 "run_b": "muon_s1",
 "layer": 6,
 "tokens": 1007616,
 "n_alive_a": 11643,
 "n_alive_b": 11436,
 "a_to_b": {
  "mean": 0.6275257468223572,
  "p50": 0.656288206577301,
  "frac_gt03": 0.8851670622825623,
  "frac_gt05": 0.6819548606872559,
  "frac_gt07": 0.44481661915779114
 },
 "b_to_a": {
  "mean": 0.6260708570480347,
  "p50": 0.6566780805587769,
  "frac_gt03": 0.8779293894767761,
  "frac_gt05": 0.682756245136261,
  "frac_gt07": 0.4431619644165039
 }
}