{
 "run_a": "muonmlp_s0",
 "run_b": "muonmlp_s4",
 "layer": 6,
 "tokens": 1007616,
 "n_alive_a": 12150,
 "n_alive_b": 12132,
 "a_to_b": {
  "mean": 0.62689608335495,
  "p50": 0.6598888039588928,
  "frac_gt03": 0.8788477182388306,
  "frac_gt05": 0.6831275820732117,
  "frac_gt07": 0.44913581013679504
 },
 "b_to_a": {
  "mean": 0.6345595121383667,
  "p50": 0.6727089881896973,
  "frac_gt03": 0.886745810508728,
  "frac_gt05": 0.6970821022987366,
  "frac_gt07": 0.464061975479126
 }
}