{
 "run_a": "muon_s1",
 "run_b": "muon_s3",
 "layer": 6,
 "tokens": 1007616,
 "n_alive_a": 11460,
 "n_alive_b": 11705,
 "a_to_b": {
  "mean": 0.62144535779953,
  "p50": 0.6493565440177917,
  "frac_gt03": 0.8785340189933777,
  "frac_gt05": 0.6711169481277466,
  "frac_gt07": 0.43891799449920654
 },
 "b_to_a": {
  "mean": 0.6251683831214905,
  "p50": 0.6501629948616028,
  "frac_gt03": 0.889876127243042,
  "frac_gt05": 0.6793677806854248,
  "frac_gt07": 0.43767619132995605
 }
}