{
 "run_a": "muon_s0_wd",
 "run_b": "muon_s1_wd",
 "layer": 6,
 "tokens": 1007616,
 "n_alive_a": 11288,
 "n_alive_b": 11190,
 "a_to_b": {
  "mean": 0.6122919321060181,
  "p50": 0.6355580687522888,
  "frac_gt03": 0.8726966381072998,
  "frac_gt05": 0.6608787775039673,
  "frac_gt07": 0.41911762952804565
 },
 "b_to_a": {
  "mean": 0.6123051047325134,
  "p50": 0.6360359191894531,
  "frac_gt03": 0.8713136315345764,
  "frac_gt05": 0.6633601188659668,
  "frac_gt07": 0.41903483867645264
 }
}