{
 "run_a": "muonmlp9_s0",
 "run_b": "muonmlp9_s2",
 "layer": 6,
 "tokens": 1007616,
 "n_alive_a": 12061,
 "n_alive_b": 8347,
 "a_to_b": {
  "mean": 0.5745939016342163,
  "p50": 0.5823625922203064,
  "frac_gt03": 0.8320205807685852,
  "frac_gt05": 0.596633791923523,
  "frac_gt07": 0.3607495129108429
 },
 "b_to_a": {
  "mean": 0.6417867541313171,
  "p50": 0.6714171171188354,
  "frac_gt03": 0.90056312084198,
  "frac_gt05": 0.7127111554145813,
  "frac_gt07": 0.4654366970062256
 }
}