{
 "run_a": "muon_s0_350m",
 "run_b": "muon_s2_350m",
 "layer": 12,
 "tokens": 1007616,
 "n_alive_a": 12944,
 "n_alive_b": 13577,
 "a_to_b": {
  "mean": 0.636553168296814,
  "p50": 0.6695221662521362,
  "frac_gt03": 0.8906056880950928,
  "frac_gt05": 0.6919808387756348,
  "frac_gt07": 0.4626081585884094
 },
 "b_to_a": {
  "mean": 0.6260893940925598,
  "p50": 0.6573992371559143,
  "frac_gt03": 0.8767768740653992,
  "frac_gt05": 0.6732709407806396,
  "frac_gt07": 0.4463430643081665
 }
}