{
 "run_a": "muonmlp3_s1",
 "run_b": "muonmlp3_s2",
 "layer": 6,
 "tokens": 1007616,
 "n_alive_a": 12282,
 "n_alive_b": 12282,
 "a_to_b": {
  "mean": 0.6194451451301575,
  "p50": 0.6447340250015259,
  "frac_gt03": 0.8851978778839111,
  "frac_gt05": 0.6747272610664368,
  "frac_gt07": 0.4284318685531616
 },
 "b_to_a": {
  "mean": 0.6154969930648804,
  "p50": 0.6384266018867493,
  "frac_gt03": 0.8808012008666992,
  "frac_gt05": 0.6666666865348816,
  "frac_gt07": 0.4201270341873169
 }
}