{
 "run_a": "muonattn_s0",
 "run_b": "muon_s2",
 "layer": 6,
 "tokens": 1007616,
 "n_alive_a": 12228,
 "n_alive_b": 11484,
 "a_to_b": {
  "mean": 0.5952358841896057,
  "p50": 0.6032800674438477,
  "frac_gt03": 0.862610399723053,
  "frac_gt05": 0.6261039972305298,
  "frac_gt07": 0.3873078227043152
 },
 "b_to_a": {
  "mean": 0.5883170962333679,
  "p50": 0.6012331247329712,
  "frac_gt03": 0.8388192057609558,
  "frac_gt05": 0.6171194314956665,
  "frac_gt07": 0.38679900765419006
 }
}