{
 "run_a": "muon_s1",
 "run_b": "muon_s4",
 "layer": 6,
 "tokens": 1007616,
 "n_alive_a": 11460,
 "n_alive_b": 11651,
 "a_to_b": {
  "mean": 0.6228429079055786,
  "p50": 0.6498968601226807,
  "frac_gt03": 0.8780104517936707,
  "frac_gt05": 0.6728621125221252,
  "frac_gt07": 0.4384816884994507
 },
 "b_to_a": {
  "mean": 0.6239837408065796,
  "p50": 0.6518114805221558,
  "frac_gt03": 0.8812119364738464,
  "frac_gt05": 0.6748777031898499,
  "frac_gt07": 0.439447283744812
 }
}