{
 "run_a": "muonmlp_s0",
 "run_b": "adamw_s1",
 "layer": 6,
 "tokens": 1007616,
 "n_alive_a": 12150,
 "n_alive_b": 12255,
 "a_to_b": {
  "mean": 0.5992799401283264,
  "p50": 0.6183542609214783,
  "frac_gt03": 0.8635390996932983,
  "frac_gt05": 0.6463374495506287,
  "frac_gt07": 0.39366254210472107
 },
 "b_to_a": {
  "mean": 0.5693491697311401,
  "p50": 0.5796443223953247,
  "frac_gt03": 0.8112607002258301,
  "frac_gt05": 0.5824561715126038,
  "frac_gt07": 0.3651570677757263
 }
}