{
 "run_a": "muon_s2",
 "run_b": "adamw_s2",
 "layer": 6,
 "tokens": 1007616,
 "n_alive_a": 11484,
 "n_alive_b": 12071,
 "a_to_b": {
  "mean": 0.6037741303443909,
  "p50": 0.6270537376403809,
  "frac_gt03": 0.8645071387290955,
  "frac_gt05": 0.6465517282485962,
  "frac_gt07": 0.40430161356925964
 },
 "b_to_a": {
  "mean": 0.5855710506439209,
  "p50": 0.599416971206665,
  "frac_gt03": 0.8408582806587219,
  "frac_gt05": 0.6109684705734253,
  "frac_gt07": 0.38157567381858826
 }
}