{
 "run_a": "muon_s0",
 "run_b": "muon_s3",
 "layer": 6,
 "tokens": 1007616,
 "n_alive_a": 11609,
 "n_alive_b": 11705,
 "a_to_b": {
  "mean": 0.6276047825813293,
  "p50": 0.6577703356742859,
  "frac_gt03": 0.8834524750709534,
  "frac_gt05": 0.6825738549232483,
  "frac_gt07": 0.44810059666633606
 },
 "b_to_a": {
  "mean": 0.6274870038032532,
  "p50": 0.6564756631851196,
  "frac_gt03": 0.8862878680229187,
  "frac_gt05": 0.6828705668449402,
  "frac_gt07": 0.44314393401145935
 }
}