{
 "run_a": "muonmlp3_s0",
 "run_b": "muonmlp3_s1",
 "layer": 6,
 "tokens": 1007616,
 "n_alive_a": 12277,
 "n_alive_b": 12282,
 "a_to_b": {
  "mean": 0.6207230091094971,
  "p50": 0.651508629322052,
  "frac_gt03": 0.8837664127349854,
  "frac_gt05": 0.6820070147514343,
  "frac_gt07": 0.4329233467578888
 },
 "b_to_a": {
  "mean": 0.6215350031852722,
  "p50": 0.649975597858429,
  "frac_gt03": 0.8877218961715698,
  "frac_gt05": 0.6787168383598328,
  "frac_gt07": 0.43225860595703125
 }
}