{
 "run_a": "muonattn_s1",
 "run_b": "muon_s0",
 "layer": 6,
 "tokens": 1007616,
 "n_alive_a": 12245,
 "n_alive_b": 11530,
 "a_to_b": {
  "mean": 0.5926111340522766,
  "p50": 0.6046298146247864,
  "frac_gt03": 0.862147867679596,
  "frac_gt05": 0.625806450843811,
  "frac_gt07": 0.3789301812648773
 },
 "b_to_a": {
  "mean": 0.5863837003707886,
  "p50": 0.5976397395133972,
  "frac_gt03": 0.8430181741714478,
  "frac_gt05": 0.6147441267967224,
  "frac_gt07": 0.3802254796028137
 }
}