{
 "run_a": "muon_s0",
 "run_b": "muon_s2",
 "layer": 6,
 "tokens": 1007616,
 "n_alive_a": 11760,
 "n_alive_b": 11748,
 "a_to_b": {
  "mean": 0.6361415386199951,
  "p50": 0.672005295753479,
  "frac_gt03": 0.8898809552192688,
  "frac_gt05": 0.6936224699020386,
  "frac_gt07": 0.46164965629577637
 },
 "b_to_a": {
  "mean": 0.6365549564361572,
  "p50": 0.6749107837677002,
  "frac_gt03": 0.8900238871574402,
  "frac_gt05": 0.6957780122756958,
  "frac_gt07": 0.46288731694221497
 }
}