{
 "run_a": "muonattn_s0",
 "run_b": "adamw_s1",
 "layer": 6,
 "tokens": 1007616,
 "n_alive_a": 12228,
 "n_alive_b": 12255,
 "a_to_b": {
  "mean": 0.5940279364585876,
  "p50": 0.6042110323905945,
  "frac_gt03": 0.8650637865066528,
  "frac_gt05": 0.6301112174987793,
  "frac_gt07": 0.3812561333179474
 },
 "b_to_a": {
  "mean": 0.5659939050674438,
  "p50": 0.5693579316139221,
  "frac_gt03": 0.8089759349822998,
  "frac_gt05": 0.5764178037643433,
  "frac_gt07": 0.3556915521621704
 }
}