{
 "run_a": "muonmlp_s2",
 "run_b": "adamw_s2",
 "layer": 6,
 "tokens": 1007616,
 "n_alive_a": 11841,
 "n_alive_b": 12071,
 "a_to_b": {
  "mean": 0.6034349203109741,
  "p50": 0.624628484249115,
  "frac_gt03": 0.8737437129020691,
  "frac_gt05": 0.6551811099052429,
  "frac_gt07": 0.3945612609386444
 },
 "b_to_a": {
  "mean": 0.5660407543182373,
  "p50": 0.5758928060531616,
  "frac_gt03": 0.8050700426101685,
  "frac_gt05": 0.5795708894729614,
  "frac_gt07": 0.3601193130016327
 }
}