{
 "run_a": "muonmlp_s1",
 "run_b": "muon_s0",
 "layer": 6,
 "tokens": 1007616,
 "n_alive_a": 12038,
 "n_alive_b": 11530,
 "a_to_b": {
  "mean": 0.6001595258712769,
  "p50": 0.6205663084983826,
  "frac_gt03": 0.8635155558586121,
  "frac_gt05": 0.6498587727546692,
  "frac_gt07": 0.39740821719169617
 },
 "b_to_a": {
  "mean": 0.5721677541732788,
  "p50": 0.586513876914978,
  "frac_gt03": 0.8049436211585999,
  "frac_gt05": 0.5963572859764099,
  "frac_gt07": 0.37510839104652405
 }
}