{
 "run_a": "muonmlp_s0",
 "run_b": "muonmlp_s4",
 "layer": 6,
 "tokens": 1007616,
 "n_alive_a": 12134,
 "n_alive_b": 12126,
 "a_to_b": {
  "mean": 0.6237513422966003,
  "p50": 0.6575251221656799,
  "frac_gt03": 0.8749793767929077,
  "frac_gt05": 0.6797428727149963,
  "frac_gt07": 0.44395911693573
 },
 "b_to_a": {
  "mean": 0.6317104697227478,
  "p50": 0.6660165190696716,
  "frac_gt03": 0.8864423632621765,
  "frac_gt05": 0.6941283345222473,
  "frac_gt07": 0.4557974636554718
 }
}