{
 "run_a": "muonattn_s0_w250",
 "run_b": "muonattn_s1_w250",
 "layer": 6,
 "tokens": 1007616,
 "n_alive_a": 12285,
 "n_alive_b": 12275,
 "a_to_b": {
  "mean": 0.6278989315032959,
  "p50": 0.6477808356285095,
  "frac_gt03": 0.8960521221160889,
  "frac_gt05": 0.6808302998542786,
  "frac_gt07": 0.4335368275642395
 },
 "b_to_a": {
  "mean": 0.6263623833656311,
  "p50": 0.6451945900917053,
  "frac_gt03": 0.895641565322876,
  "frac_gt05": 0.6788594722747803,
  "frac_gt07": 0.43185335397720337
 }
}