{
 "run_a": "muon_s1_wd",
 "run_b": "muon_s2_wd",
 "layer": 6,
 "tokens": 1007616,
 "n_alive_a": 11190,
 "n_alive_b": 11323,
 "a_to_b": {
  "mean": 0.6135712265968323,
  "p50": 0.6375297904014587,
  "frac_gt03": 0.8732796907424927,
  "frac_gt05": 0.6666666269302368,
  "frac_gt07": 0.41992849111557007
 },
 "b_to_a": {
  "mean": 0.6131556630134583,
  "p50": 0.6348183155059814,
  "frac_gt03": 0.8760929703712463,
  "frac_gt05": 0.663693368434906,
  "frac_gt07": 0.41570258140563965
 }
}