{
 "run_a": "muonmlp9_s0",
 "run_b": "muonmlp9_s1",
 "layer": 6,
 "tokens": 1007616,
 "n_alive_a": 12061,
 "n_alive_b": 11954,
 "a_to_b": {
  "mean": 0.6159560680389404,
  "p50": 0.6427026391029358,
  "frac_gt03": 0.8678385019302368,
  "frac_gt05": 0.6648702621459961,
  "frac_gt07": 0.4283227026462555
 },
 "b_to_a": {
  "mean": 0.6289266347885132,
  "p50": 0.6612851023674011,
  "frac_gt03": 0.8801237940788269,
  "frac_gt05": 0.6953321099281311,
  "frac_gt07": 0.4498075842857361
 }
}