{
 "run_a": "muon_s1_350m",
 "run_b": "adamw_s1_350m",
 "layer": 12,
 "tokens": 1007616,
 "n_alive_a": 13333,
 "n_alive_b": 13451,
 "a_to_b": {
  "mean": 0.5954300761222839,
  "p50": 0.6177889704704285,
  "frac_gt03": 0.839195966720581,
  "frac_gt05": 0.6331658363342285,
  "frac_gt07": 0.4050101041793823
 },
 "b_to_a": {
  "mean": 0.586386501789093,
  "p50": 0.6000058650970459,
  "frac_gt03": 0.8342130780220032,
  "frac_gt05": 0.6133372783660889,
  "frac_gt07": 0.39082595705986023
 }
}