{
 "run_a": "muonmlp6_s1",
 "run_b": "muonmlp6_s2",
 "layer": 6,
 "tokens": 1007616,
 "n_alive_a": 12288,
 "n_alive_b": 12288,
 "a_to_b": {
  "mean": 0.6301806569099426,
  "p50": 0.6589457392692566,
  "frac_gt03": 0.897705078125,
  "frac_gt05": 0.6979166865348816,
  "frac_gt07": 0.4449056088924408
 },
 "b_to_a": {
  "mean": 0.6272865533828735,
  "p50": 0.660584032535553,
  "frac_gt03": 0.88623046875,
  "frac_gt05": 0.6949869990348816,
  "frac_gt07": 0.4462077021598816
 }
}