{
 "run_a": "muonmlp_s1",
 "run_b": "muonmlp_s2",
 "layer": 6,
 "tokens": 1007616,
 "n_alive_a": 12056,
 "n_alive_b": 11824,
 "a_to_b": {
  "mean": 0.6348997950553894,
  "p50": 0.667706310749054,
  "frac_gt03": 0.8971466422080994,
  "frac_gt05": 0.6974950432777405,
  "frac_gt07": 0.4568679630756378
 },
 "b_to_a": {
  "mean": 0.6308727860450745,
  "p50": 0.6635333299636841,
  "frac_gt03": 0.8881089091300964,
  "frac_gt05": 0.690544605255127,
  "frac_gt07": 0.4512855112552643
 }
}