{
 "run_a": "muonattn_s0",
 "run_b": "muon_s1",
 "layer": 6,
 "tokens": 1007616,
 "n_alive_a": 12228,
 "n_alive_b": 11229,
 "a_to_b": {
  "mean": 0.5902255177497864,
  "p50": 0.5982820391654968,
  "frac_gt03": 0.8631828427314758,
  "frac_gt05": 0.6228328347206116,
  "frac_gt07": 0.3724239468574524
 },
 "b_to_a": {
  "mean": 0.5801889300346375,
  "p50": 0.5934364199638367,
  "frac_gt03": 0.8279454708099365,
  "frac_gt05": 0.6053967475891113,
  "frac_gt07": 0.3723394572734833
 }
}