{
 "run_a": "muon_s0",
 "run_b": "muon_s2",
 "layer": 6,
 "tokens": 1007616,
 "n_alive_a": 11530,
 "n_alive_b": 11484,
 "a_to_b": {
  "mean": 0.6190452575683594,
  "p50": 0.6450807452201843,
  "frac_gt03": 0.8752818703651428,
  "frac_gt05": 0.6682567000389099,
  "frac_gt07": 0.4320901930332184
 },
 "b_to_a": {
  "mean": 0.6210154294967651,
  "p50": 0.6459619402885437,
  "frac_gt03": 0.8790490627288818,
  "frac_gt05": 0.66962730884552,
  "frac_gt07": 0.4323406517505646
 }
}