{
 "run_a": "muonmlp_s0",
 "run_b": "muonmlp_s3",
 "layer": 6,
 "tokens": 1007616,
 "n_alive_a": 12150,
 "n_alive_b": 12117,
 "a_to_b": {
  "mean": 0.6310716271400452,
  "p50": 0.6653763055801392,
  "frac_gt03": 0.8800823092460632,
  "frac_gt05": 0.6913580298423767,
  "frac_gt07": 0.4561316967010498
 },
 "b_to_a": {
  "mean": 0.6300023794174194,
  "p50": 0.6655356884002686,
  "frac_gt03": 0.878352701663971,
  "frac_gt05": 0.6876289248466492,
  "frac_gt07": 0.45687875151634216
 }
}