{
 "run_a": "muonmlp_s2",
 "run_b": "adamw_s1",
 "layer": 6,
 "tokens": 1007616,
 "n_alive_a": 11841,
 "n_alive_b": 12255,
 "a_to_b": {
  "mean": 0.5971425771713257,
  "p50": 0.6171427369117737,
  "frac_gt03": 0.8639472723007202,
  "frac_gt05": 0.6421754956245422,
  "frac_gt07": 0.3897474706172943
 },
 "b_to_a": {
  "mean": 0.5573770999908447,
  "p50": 0.5630907416343689,
  "frac_gt03": 0.7921664714813232,
  "frac_gt05": 0.5637698769569397,
  "frac_gt07": 0.35356998443603516
 }
}