{
 "run_a": "muon_s0",
 "run_b": "adamw_s0",
 "layer": 9,
 "tokens": 1007616,
 "n_alive_a": 11871,
 "n_alive_b": 12261,
 "a_to_b": {
  "mean": 0.5863591432571411,
  "p50": 0.5975346565246582,
  "frac_gt03": 0.8577204346656799,
  "frac_gt05": 0.6243787407875061,
  "frac_gt07": 0.36728158593177795
 },
 "b_to_a": {
  "mean": 0.5775868892669678,
  "p50": 0.5832712650299072,
  "frac_gt03": 0.8461789488792419,
  "frac_gt05": 0.6029687523841858,
  "frac_gt07": 0.3524998128414154
 }
}