{
 "run_a": "muonattn_s0_w250",
 "run_b": "muonattn_s2_w250",
 "layer": 6,
 "tokens": 1007616,
 "n_alive_a": 12285,
 "n_alive_b": 12285,
 "a_to_b": {
  "mean": 0.6284996271133423,
  "p50": 0.6518813967704773,
  "frac_gt03": 0.8949124813079834,
  "frac_gt05": 0.6838420629501343,
  "frac_gt07": 0.43785104155540466
 },
 "b_to_a": {
  "mean": 0.6291544437408447,
  "p50": 0.6536492109298706,
  "frac_gt03": 0.8962963223457336,
  "frac_gt05": 0.684086263179779,
  "frac_gt07": 0.4402930438518524
 }
}