{
 "run_a": "muon_s0",
 "run_b": "muon_s4",
 "layer": 6,
 "tokens": 1007616,
 "n_alive_a": 11609,
 "n_alive_b": 11651,
 "a_to_b": {
  "mean": 0.627196192741394,
  "p50": 0.6551027894020081,
  "frac_gt03": 0.8825910687446594,
  "frac_gt05": 0.6820570230484009,
  "frac_gt07": 0.443965882062912
 },
 "b_to_a": {
  "mean": 0.6246859431266785,
  "p50": 0.6534523367881775,
  "frac_gt03": 0.8795812129974365,
  "frac_gt05": 0.6762509942054749,
  "frac_gt07": 0.4422796368598938
 }
}