{
 "run_a": "muon_s0_350m",
 "run_b": "adamw_s0_350m",
 "layer": 12,
 "tokens": 1007616,
 "n_alive_a": 12944,
 "n_alive_b": 12000,
 "a_to_b": {
  "mean": 0.5838304162025452,
  "p50": 0.5981580018997192,
  "frac_gt03": 0.8329728245735168,
  "frac_gt05": 0.6119437217712402,
  "frac_gt07": 0.38172125816345215
 },
 "b_to_a": {
  "mean": 0.5889732837677002,
  "p50": 0.6072628498077393,
  "frac_gt03": 0.8370833396911621,
  "frac_gt05": 0.6174166798591614,
  "frac_gt07": 0.3944166600704193
 }
}