{
 "run_a": "muonattn_s2",
 "run_b": "adamw_s0",
 "layer": 6,
 "tokens": 1007616,
 "n_alive_a": 12220,
 "n_alive_b": 12099,
 "a_to_b": {
  "mean": 0.5895347595214844,
  "p50": 0.5997897386550903,
  "frac_gt03": 0.861620306968689,
  "frac_gt05": 0.6274140477180481,
  "frac_gt07": 0.37405890226364136
 },
 "b_to_a": {
  "mean": 0.5659679174423218,
  "p50": 0.5730311870574951,
  "frac_gt03": 0.8132903575897217,
  "frac_gt05": 0.5819489359855652,
  "frac_gt07": 0.35341763496398926
 }
}