{
 "run_a": "muonattn_s1",
 "run_b": "muonattn_s2",
 "layer": 9,
 "tokens": 1007616,
 "n_alive_a": 12259,
 "n_alive_b": 12260,
 "a_to_b": {
  "mean": 0.5904591679573059,
  "p50": 0.5962062478065491,
  "frac_gt03": 0.8571661710739136,
  "frac_gt05": 0.6195448637008667,
  "frac_gt07": 0.376213401556015
 },
 "b_to_a": {
  "mean": 0.5908986926078796,
  "p50": 0.5981022119522095,
  "frac_gt03": 0.8613376617431641,
  "frac_gt05": 0.6188417673110962,
  "frac_gt07": 0.3780587315559387
 }
}