{
 "run_a": "muon_s1",
 "run_b": "adamw_s1",
 "tokens": 1007616,
 "n_alive_a": 11229,
 "n_alive_b": 12255,
 "a_to_b": {
  "mean": 0.5975956320762634,
  "p50": 0.6109457015991211,
  "frac_gt03": 0.8587585687637329,
  "frac_gt05": 0.637545645236969,
  "frac_gt07": 0.39023956656455994
 },
 "b_to_a": {
  "mean": 0.580318808555603,
  "p50": 0.5847803950309753,
  "frac_gt03": 0.8422684669494629,
  "frac_gt05": 0.600489616394043,
  "frac_gt07": 0.3640962839126587
 }
}