{
 "run_a": "muon_s2_350m",
 "run_b": "adamw_s2_350m",
 "layer": 12,
 "tokens": 1007616,
 "n_alive_a": 13577,
 "n_alive_b": 12357,
 "a_to_b": {
  "mean": 0.583213210105896,
  "p50": 0.6012786626815796,
  "frac_gt03": 0.8286072015762329,
  "frac_gt05": 0.6079398989677429,
  "frac_gt07": 0.3852102756500244
 },
 "b_to_a": {
  "mean": 0.5955695509910583,
  "p50": 0.6155979037284851,
  "frac_gt03": 0.8485069274902344,
  "frac_gt05": 0.6320304274559021,
  "frac_gt07": 0.4008254408836365
 }
}