{
 "run_a": "muon_s0_gelu",
 "run_b": "muon_s1_gelu",
 "layer": 6,
 "tokens": 1007616,
 "n_alive_a": 12001,
 "n_alive_b": 11997,
 "a_to_b": {
  "mean": 0.6547108292579651,
  "p50": 0.6931000351905823,
  "frac_gt03": 0.9045079946517944,
  "frac_gt05": 0.7268561124801636,
  "frac_gt07": 0.49129241704940796
 },
 "b_to_a": {
  "mean": 0.6514756083488464,
  "p50": 0.6898854374885559,
  "frac_gt03": 0.8976410627365112,
  "frac_gt05": 0.7213469743728638,
  "frac_gt07": 0.48862215876579285
 }
}