{
 "run_a": "muon_s1",
 "run_b": "muon_s2",
 "layer": 6,
 "tokens": 1007616,
 "n_alive_a": 11460,
 "n_alive_b": 11654,
 "a_to_b": {
  "mean": 0.6206905245780945,
  "p50": 0.6477160453796387,
  "frac_gt03": 0.8777487277984619,
  "frac_gt05": 0.6693717241287231,
  "frac_gt07": 0.43411868810653687
 },
 "b_to_a": {
  "mean": 0.6239506006240845,
  "p50": 0.6495164036750793,
  "frac_gt03": 0.8848463892936707,
  "frac_gt05": 0.6743607521057129,
  "frac_gt07": 0.4345289170742035
 }
}