{
 "run_a": "muon_s2",
 "run_b": "muon_s3",
 "layer": 6,
 "tokens": 1007616,
 "n_alive_a": 11654,
 "n_alive_b": 11705,
 "a_to_b": {
  "mean": 0.6245055794715881,
  "p50": 0.6489059329032898,
  "frac_gt03": 0.8858761191368103,
  "frac_gt05": 0.6787369251251221,
  "frac_gt07": 0.4348721504211426
 },
 "b_to_a": {
  "mean": 0.6254742741584778,
  "p50": 0.6492384672164917,
  "frac_gt03": 0.8903032541275024,
  "frac_gt05": 0.6810764670372009,
  "frac_gt07": 0.4343442916870117
 }
}