{
 "run_a": "muon_s2",
 "run_b": "adamw_s2",
 "layer": 9,
 "tokens": 1007616,
 "n_alive_a": 11882,
 "n_alive_b": 12213,
 "a_to_b": {
  "mean": 0.5870477557182312,
  "p50": 0.5958139300346375,
  "frac_gt03": 0.8643326163291931,
  "frac_gt05": 0.6217808127403259,
  "frac_gt07": 0.3634909987449646
 },
 "b_to_a": {
  "mean": 0.5709787011146545,
  "p50": 0.5759895443916321,
  "frac_gt03": 0.837550163269043,
  "frac_gt05": 0.5898633003234863,
  "frac_gt07": 0.3486449122428894
 }
}