{
 "run_a": "muon_s2",
 "run_b": "muon_s4",
 "layer": 6,
 "tokens": 1007616,
 "n_alive_a": 11484,
 "n_alive_b": 11405,
 "a_to_b": {
  "mean": 0.6205385327339172,
  "p50": 0.6463609337806702,
  "frac_gt03": 0.8774816989898682,
  "frac_gt05": 0.6690177321434021,
  "frac_gt07": 0.43286311626434326
 },
 "b_to_a": {
  "mean": 0.6201519966125488,
  "p50": 0.6466315388679504,
  "frac_gt03": 0.876457691192627,
  "frac_gt05": 0.6662867069244385,
  "frac_gt07": 0.43331870436668396
 }
}