{
 "run_a": "muon_s0",
 "run_b": "muon_s2",
 "layer": 6,
 "tokens": 1007616,
 "n_alive_a": 11609,
 "n_alive_b": 11654,
 "a_to_b": {
  "mean": 0.6281785368919373,
  "p50": 0.6595546007156372,
  "frac_gt03": 0.8823326826095581,
  "frac_gt05": 0.6825738549232483,
  "frac_gt07": 0.44758376479148865
 },
 "b_to_a": {
  "mean": 0.626861035823822,
  "p50": 0.6562055349349976,
  "frac_gt03": 0.8857902884483337,
  "frac_gt05": 0.6749613881111145,
  "frac_gt07": 0.44568389654159546
 }
}