{
 "run_a": "muonmlp6_s0",
 "run_b": "muonmlp6_s1",
 "layer": 6,
 "tokens": 1007616,
 "n_alive_a": 12288,
 "n_alive_b": 12288,
 "a_to_b": {
  "mean": 0.6356940269470215,
  "p50": 0.669642448425293,
  "frac_gt03": 0.8986002802848816,
  "frac_gt05": 0.7108561396598816,
  "frac_gt07": 0.455078125
 },
 "b_to_a": {
  "mean": 0.631462812423706,
  "p50": 0.665052056312561,
  "frac_gt03": 0.8988444209098816,
  "frac_gt05": 0.6968587636947632,
  "frac_gt07": 0.4512532651424408
 }
}