{
 "run_a": "muon_s1",
 "run_b": "adamw_s0",
 "layer": 9,
 "tokens": 1007616,
 "n_alive_a": 11957,
 "n_alive_b": 12261,
 "a_to_b": {
  "mean": 0.5847781896591187,
  "p50": 0.5924445390701294,
  "frac_gt03": 0.8587438464164734,
  "frac_gt05": 0.6234005689620972,
  "frac_gt07": 0.3613782823085785
 },
 "b_to_a": {
  "mean": 0.5755581855773926,
  "p50": 0.5807799100875854,
  "frac_gt03": 0.8444662094116211,
  "frac_gt05": 0.5984014272689819,
  "frac_gt07": 0.3512763977050781
 }
}