{
 "run_a": "muon_s0_gelu",
 "run_b": "muon_s2_gelu",
 "layer": 6,
 "tokens": 1007616,
 "n_alive_a": 12001,
 "n_alive_b": 11854,
 "a_to_b": {
  "mean": 0.6563658118247986,
  "p50": 0.6930822134017944,
  "frac_gt03": 0.9094242453575134,
  "frac_gt05": 0.7273560762405396,
  "frac_gt07": 0.49104243516921997
 },
 "b_to_a": {
  "mean": 0.6525878310203552,
  "p50": 0.6930868625640869,
  "frac_gt03": 0.8962375521659851,
  "frac_gt05": 0.7249873280525208,
  "frac_gt07": 0.4905517101287842
 }
}