{
 "run_a": "muon_s1",
 "run_b": "adamw_s0",
 "tokens": 1007616,
 "n_alive_a": 11229,
 "n_alive_b": 12099,
 "a_to_b": {
  "mean": 0.5948664546012878,
  "p50": 0.6125877499580383,
  "frac_gt03": 0.8538604974746704,
  "frac_gt05": 0.631667971611023,
  "frac_gt07": 0.3921097218990326
 },
 "b_to_a": {
  "mean": 0.5832398533821106,
  "p50": 0.59310382604599,
  "frac_gt03": 0.8450285196304321,
  "frac_gt05": 0.6066617369651794,
  "frac_gt07": 0.3725101351737976
 }
}