{
 "run_a": "muon_s2",
 "run_b": "muon_s3",
 "layer": 6,
 "tokens": 1007616,
 "n_alive_a": 11484,
 "n_alive_b": 11409,
 "a_to_b": {
  "mean": 0.6231002807617188,
  "p50": 0.6507042646408081,
  "frac_gt03": 0.8808777332305908,
  "frac_gt05": 0.6729362607002258,
  "frac_gt07": 0.43773946166038513
 },
 "b_to_a": {
  "mean": 0.6216902732849121,
  "p50": 0.6487410068511963,
  "frac_gt03": 0.882110595703125,
  "frac_gt05": 0.6692085266113281,
  "frac_gt07": 0.43448153138160706
 }
}