{
 "run_a": "muon_s0",
 "run_b": "muon_s3",
 "layer": 6,
 "tokens": 1007616,
 "n_alive_a": 11530,
 "n_alive_b": 11409,
 "a_to_b": {
  "mean": 0.6194224953651428,
  "p50": 0.642379105091095,
  "frac_gt03": 0.8782306909561157,
  "frac_gt05": 0.6684301495552063,
  "frac_gt07": 0.4329575002193451
 },
 "b_to_a": {
  "mean": 0.6211159825325012,
  "p50": 0.6448541879653931,
  "frac_gt03": 0.8828117847442627,
  "frac_gt05": 0.6719256639480591,
  "frac_gt07": 0.43430623412132263
 }
}