{
 "run_a": "muon_s0",
 "run_b": "muon_s2",
 "layer": 6,
 "tokens": 1007616,
 "n_alive_a": 11501,
 "n_alive_b": 11464,
 "a_to_b": {
  "mean": 0.6192110776901245,
  "p50": 0.6426845192909241,
  "frac_gt03": 0.8810538053512573,
  "frac_gt05": 0.6659420728683472,
  "frac_gt07": 0.4267455041408539
 },
 "b_to_a": {
  "mean": 0.6198175549507141,
  "p50": 0.642963171005249,
  "frac_gt03": 0.8741276860237122,
  "frac_gt05": 0.6695743203163147,
  "frac_gt07": 0.4304780066013336
 }
}