{
 "run_a": "muonmlp_s0",
 "run_b": "muon_s1",
 "layer": 6,
 "tokens": 1007616,
 "n_alive_a": 12150,
 "n_alive_b": 11229,
 "a_to_b": {
  "mean": 0.5962417125701904,
  "p50": 0.6155778765678406,
  "frac_gt03": 0.853251039981842,
  "frac_gt05": 0.6394238471984863,
  "frac_gt07": 0.3925102949142456
 },
 "b_to_a": {
  "mean": 0.5841636657714844,
  "p50": 0.6069223880767822,
  "frac_gt03": 0.8184165954589844,
  "frac_gt05": 0.612432062625885,
  "frac_gt07": 0.396206259727478
 }
}