{
 "run_a": "muon_s0",
 "run_b": "adamw_s1",
 "tokens": 1007616,
 "n_alive_a": 11530,
 "n_alive_b": 12255,
 "a_to_b": {
  "mean": 0.598162829875946,
  "p50": 0.6162471175193787,
  "frac_gt03": 0.860190749168396,
  "frac_gt05": 0.6391153335571289,
  "frac_gt07": 0.3972246050834656
 },
 "b_to_a": {
  "mean": 0.5817762017250061,
  "p50": 0.5924686789512634,
  "frac_gt03": 0.8385149240493774,
  "frac_gt05": 0.6043247580528259,
  "frac_gt07": 0.3719298243522644
 }
}