{
 "run_a": "muon_s0_wd",
 "run_b": "muon_s2_wd",
 "layer": 6,
 "tokens": 1007616,
 "n_alive_a": 11782,
 "n_alive_b": 11807,
 "a_to_b": {
  "mean": 0.6188164353370667,
  "p50": 0.6442731022834778,
  "frac_gt03": 0.8821931481361389,
  "frac_gt05": 0.6734849810600281,
  "frac_gt07": 0.42709216475486755
 },
 "b_to_a": {
  "mean": 0.616578996181488,
  "p50": 0.644624650478363,
  "frac_gt03": 0.8749894499778748,
  "frac_gt05": 0.6702803373336792,
  "frac_gt07": 0.42576438188552856
 }
}