{
 "run_a": "muon_s0",
 "run_b": "muon_s2",
 "layer": 6,
 "tokens": 1007616,
 "n_alive_a": 11657,
 "n_alive_b": 11642,
 "a_to_b": {
  "mean": 0.629368782043457,
  "p50": 0.6629334092140198,
  "frac_gt03": 0.8801578879356384,
  "frac_gt05": 0.6824225783348083,
  "frac_gt07": 0.4542335271835327
 },
 "b_to_a": {
  "mean": 0.6287672519683838,
  "p50": 0.6633403301239014,
  "frac_gt03": 0.8811200857162476,
  "frac_gt05": 0.6826146841049194,
  "frac_gt07": 0.4549046754837036
 }
}