{
 "run_a": "muon_s1",
 "run_b": "muon_s4",
 "layer": 6,
 "tokens": 1007616,
 "n_alive_a": 11229,
 "n_alive_b": 11405,
 "a_to_b": {
  "mean": 0.6165940165519714,
  "p50": 0.6411622762680054,
  "frac_gt03": 0.8714934587478638,
  "frac_gt05": 0.6623920202255249,
  "frac_gt07": 0.4277317523956299
 },
 "b_to_a": {
  "mean": 0.6183972358703613,
  "p50": 0.6431208848953247,
  "frac_gt03": 0.8775975108146667,
  "frac_gt05": 0.667426586151123,
  "frac_gt07": 0.42700570821762085
 }
}