{
 "run_a": "muon_s1",
 "run_b": "muon_s2",
 "layer": 6,
 "tokens": 1007616,
 "n_alive_a": 11369,
 "n_alive_b": 11597,
 "a_to_b": {
  "mean": 0.6216280460357666,
  "p50": 0.6466061472892761,
  "frac_gt03": 0.878969132900238,
  "frac_gt05": 0.6728823781013489,
  "frac_gt07": 0.4354824423789978
 },
 "b_to_a": {
  "mean": 0.6229621767997742,
  "p50": 0.6468417048454285,
  "frac_gt03": 0.8797965049743652,
  "frac_gt05": 0.6750884056091309,
  "frac_gt07": 0.4362335205078125
 }
}