{
 "run_a": "muon_s0_tiny",
 "run_b": "adamw_s0_tiny",
 "layer": 3,
 "tokens": 1007616,
 "n_alive_a": 6140,
 "n_alive_b": 6144,
 "a_to_b": {
  "mean": 0.5670007467269897,
  "p50": 0.563313901424408,
  "frac_gt03": 0.8327361345291138,
  "frac_gt05": 0.5846905708312988,
  "frac_gt07": 0.3369706869125366
 },
 "b_to_a": {
  "mean": 0.530900239944458,
  "p50": 0.5196205973625183,
  "frac_gt03": 0.7652994990348816,
  "frac_gt05": 0.5227864980697632,
  "frac_gt07": 0.3102213740348816
 }
}