{
 "run_a": "muonmlp6_s1",
 "run_b": "muonmlp6_s2",
 "layer": 6,
 "tokens": 1007616,
 "n_alive_a": 12288,
 "n_alive_b": 12286,
 "a_to_b": {
  "mean": 0.6314394474029541,
  "p50": 0.6633403897285461,
  "frac_gt03": 0.89794921875,
  "frac_gt05": 0.6966146230697632,
  "frac_gt07": 0.4497884213924408
 },
 "b_to_a": {
  "mean": 0.6279288530349731,
  "p50": 0.6648537516593933,
  "frac_gt03": 0.8849096298217773,
  "frac_gt05": 0.6911932229995728,
  "frac_gt07": 0.45197784900665283
 }
}