{
 "run_a": "muon_s3",
 "run_b": "muon_s4",
 "layer": 6,
 "tokens": 1007616,
 "n_alive_a": 11409,
 "n_alive_b": 11405,
 "a_to_b": {
  "mean": 0.6198694705963135,
  "p50": 0.6437035799026489,
  "frac_gt03": 0.8846524357795715,
  "frac_gt05": 0.6691208481788635,
  "frac_gt07": 0.4285213351249695
 },
 "b_to_a": {
  "mean": 0.6210746765136719,
  "p50": 0.6482311487197876,
  "frac_gt03": 0.8792634606361389,
  "frac_gt05": 0.670670747756958,
  "frac_gt07": 0.4373520314693451
 }
}