{
 "run_a": "muonmlp_s0",
 "run_b": "muon_s2",
 "layer": 6,
 "tokens": 1007616,
 "n_alive_a": 12150,
 "n_alive_b": 11484,
 "a_to_b": {
  "mean": 0.6002357602119446,
  "p50": 0.6211628913879395,
  "frac_gt03": 0.857695460319519,
  "frac_gt05": 0.6443621516227722,
  "frac_gt07": 0.4005761444568634
 },
 "b_to_a": {
  "mean": 0.5915310978889465,
  "p50": 0.6142029762268066,
  "frac_gt03": 0.8299372792243958,
  "frac_gt05": 0.6254789233207703,
  "frac_gt07": 0.4029083847999573
 }
}