{
 "run_a": "muonmlp_s0",
 "run_b": "muon_s0",
 "layer": 6,
 "tokens": 1007616,
 "n_alive_a": 12150,
 "n_alive_b": 11530,
 "a_to_b": {
  "mean": 0.6012612581253052,
  "p50": 0.6227706074714661,
  "frac_gt03": 0.8600823283195496,
  "frac_gt05": 0.6453498005867004,
  "frac_gt07": 0.403292179107666
 },
 "b_to_a": {
  "mean": 0.5892040729522705,
  "p50": 0.6135298609733582,
  "frac_gt03": 0.8317432403564453,
  "frac_gt05": 0.6193408370018005,
  "frac_gt07": 0.4019080400466919
 }
}