{
 "run_a": "muon_s0",
 "run_b": "adamw_s2",
 "layer": 9,
 "tokens": 1007616,
 "n_alive_a": 11871,
 "n_alive_b": 12213,
 "a_to_b": {
  "mean": 0.5871298313140869,
  "p50": 0.597191572189331,
  "frac_gt03": 0.8586471080780029,
  "frac_gt05": 0.6221885085105896,
  "frac_gt07": 0.36820822954177856
 },
 "b_to_a": {
  "mean": 0.5725876688957214,
  "p50": 0.5769587755203247,
  "frac_gt03": 0.8379595875740051,
  "frac_gt05": 0.5948579907417297,
  "frac_gt07": 0.3488086462020874
 }
}