{
 "run_a": "muonattn_s1",
 "run_b": "adamw_s0",
 "layer": 6,
 "tokens": 1007616,
 "n_alive_a": 12245,
 "n_alive_b": 12099,
 "a_to_b": {
  "mean": 0.5885168313980103,
  "p50": 0.6000250577926636,
  "frac_gt03": 0.8622295260429382,
  "frac_gt05": 0.6195998787879944,
  "frac_gt07": 0.3758268654346466
 },
 "b_to_a": {
  "mean": 0.570605993270874,
  "p50": 0.5788564682006836,
  "frac_gt03": 0.827506422996521,
  "frac_gt05": 0.5893875360488892,
  "frac_gt07": 0.35639309883117676
 }
}