{
 "run_a": "muonattn_s1",
 "run_b": "muon_s1",
 "layer": 6,
 "tokens": 1007616,
 "n_alive_a": 12245,
 "n_alive_b": 11229,
 "a_to_b": {
  "mean": 0.588381290435791,
  "p50": 0.5960730314254761,
  "frac_gt03": 0.8559412360191345,
  "frac_gt05": 0.6169048547744751,
  "frac_gt07": 0.37370356917381287
 },
 "b_to_a": {
  "mean": 0.5820015668869019,
  "p50": 0.5914543271064758,
  "frac_gt03": 0.8367619514465332,
  "frac_gt05": 0.6093151569366455,
  "frac_gt07": 0.37394246459007263
 }
}