{
 "run_a": "muonmlp6_s0",
 "run_b": "muonmlp6_s2",
 "layer": 6,
 "tokens": 1007616,
 "n_alive_a": 12288,
 "n_alive_b": 12286,
 "a_to_b": {
  "mean": 0.6390044093132019,
  "p50": 0.672364354133606,
  "frac_gt03": 0.9012044668197632,
  "frac_gt05": 0.7135416865348816,
  "frac_gt07": 0.4600423276424408
 },
 "b_to_a": {
  "mean": 0.6295633912086487,
  "p50": 0.6654541492462158,
  "frac_gt03": 0.8853979706764221,
  "frac_gt05": 0.6940419673919678,
  "frac_gt07": 0.45197784900665283
 }
}