{
 "run_a": "muon_s0",
 "run_b": "adamw_s2",
 "tokens": 1007616,
 "n_alive_a": 11530,
 "n_alive_b": 12071,
 "a_to_b": {
  "mean": 0.6025177836418152,
  "p50": 0.6216543912887573,
  "frac_gt03": 0.8640069365501404,
  "frac_gt05": 0.6470944881439209,
  "frac_gt07": 0.40312227606773376
 },
 "b_to_a": {
  "mean": 0.5871961712837219,
  "p50": 0.599021315574646,
  "frac_gt03": 0.8420180678367615,
  "frac_gt05": 0.6161047220230103,
  "frac_gt07": 0.38323256373405457
 }
}