{
 "run_a": "muon_s1",
 "run_b": "muon_s2",
 "layer": 6,
 "tokens": 1007616,
 "n_alive_a": 11408,
 "n_alive_b": 11642,
 "a_to_b": {
  "mean": 0.6270440220832825,
  "p50": 0.6629997491836548,
  "frac_gt03": 0.874474048614502,
  "frac_gt05": 0.6806626915931702,
  "frac_gt07": 0.45091164112091064
 },
 "b_to_a": {
  "mean": 0.629586935043335,
  "p50": 0.6630100011825562,
  "frac_gt03": 0.8809483051300049,
  "frac_gt05": 0.6848479509353638,
  "frac_gt07": 0.44940733909606934
 }
}