{
 "run_a": "muonmlp_s2",
 "run_b": "muon_s0",
 "layer": 6,
 "tokens": 1007616,
 "n_alive_a": 11841,
 "n_alive_b": 11530,
 "a_to_b": {
  "mean": 0.5981589555740356,
  "p50": 0.6210982799530029,
  "frac_gt03": 0.8555864691734314,
  "frac_gt05": 0.6449623703956604,
  "frac_gt07": 0.39540576934814453
 },
 "b_to_a": {
  "mean": 0.5753074288368225,
  "p50": 0.5922684669494629,
  "frac_gt03": 0.8112748861312866,
  "frac_gt05": 0.6027753353118896,
  "frac_gt07": 0.3797051012516022
 }
}