{
 "run_a": "muon_s0",
 "run_b": "muon_s1",
 "layer": 6,
 "tokens": 1007616,
 "n_alive_a": 11501,
 "n_alive_b": 11272,
 "a_to_b": {
  "mean": 0.6176055669784546,
  "p50": 0.6403562426567078,
  "frac_gt03": 0.8744456768035889,
  "frac_gt05": 0.6662898659706116,
  "frac_gt07": 0.4288322627544403
 },
 "b_to_a": {
  "mean": 0.620059609413147,
  "p50": 0.6432895660400391,
  "frac_gt03": 0.8757984638214111,
  "frac_gt05": 0.6706884503364563,
  "frac_gt07": 0.43239885568618774
 }
}