{
 "run_a": "muonmlp9_s0",
 "run_b": "muonmlp9_s2",
 "layer": 6,
 "tokens": 1007616,
 "n_alive_a": 12003,
 "n_alive_b": 8496,
 "a_to_b": {
  "mean": 0.5723304748535156,
  "p50": 0.5782381296157837,
  "frac_gt03": 0.8291260600090027,
  "frac_gt05": 0.5905190706253052,
  "frac_gt07": 0.35424479842185974
 },
 "b_to_a": {
  "mean": 0.6371797323226929,
  "p50": 0.6690837144851685,
  "frac_gt03": 0.8980696797370911,
  "frac_gt05": 0.7088041305541992,
  "frac_gt07": 0.4549199640750885
 }
}