{
 "run_a": "muonmlp_s0_w250",
 "run_b": "muonmlp_s1_w250",
 "layer": 6,
 "tokens": 1007616,
 "n_alive_a": 11206,
 "n_alive_b": 10595,
 "a_to_b": {
  "mean": 0.5928307771682739,
  "p50": 0.6084691286087036,
  "frac_gt03": 0.8517758250236511,
  "frac_gt05": 0.6243976354598999,
  "frac_gt07": 0.3880956768989563
 },
 "b_to_a": {
  "mean": 0.6127551198005676,
  "p50": 0.6389611959457397,
  "frac_gt03": 0.8690891861915588,
  "frac_gt05": 0.6674846410751343,
  "frac_gt07": 0.4183105230331421
 }
}