{
 "run_a": "soap_s1",
 "run_b": "muon_s1",
 "layer": 6,
 "tokens": 1007616,
 "n_alive_a": 5653,
 "n_alive_b": 11229,
 "a_to_b": {
  "mean": 0.6606166362762451,
  "p50": 0.6934456825256348,
  "frac_gt03": 0.9318946003913879,
  "frac_gt05": 0.7532284259796143,
  "frac_gt07": 0.4887670576572418
 },
 "b_to_a": {
  "mean": 0.5170764923095703,
  "p50": 0.4978593587875366,
  "frac_gt03": 0.7524267435073853,
  "frac_gt05": 0.4965713620185852,
  "frac_gt07": 0.2845311164855957
 }
}