{
 "run_a": "soap_s2",
 "run_b": "adamw_s0",
 "layer": 6,
 "tokens": 1007616,
 "n_alive_a": 9647,
 "n_alive_b": 12099,
 "a_to_b": {
  "mean": 0.6036920547485352,
  "p50": 0.623475968837738,
  "frac_gt03": 0.8613040447235107,
  "frac_gt05": 0.65108323097229,
  "frac_gt07": 0.4004353880882263
 },
 "b_to_a": {
  "mean": 0.5667456388473511,
  "p50": 0.5658050179481506,
  "frac_gt03": 0.8239523768424988,
  "frac_gt05": 0.5797173380851746,
  "frac_gt07": 0.34283825755119324
 }
}