{
 "run_a": "soap_s0",
 "run_b": "adamw_s2",
 "layer": 6,
 "tokens": 1007616,
 "n_alive_a": 7711,
 "n_alive_b": 12071,
 "a_to_b": {
  "mean": 0.6267633438110352,
  "p50": 0.6549584865570068,
  "frac_gt03": 0.8891194462776184,
  "frac_gt05": 0.6927765607833862,
  "frac_gt07": 0.4380754828453064
 },
 "b_to_a": {
  "mean": 0.5356214642524719,
  "p50": 0.5248137712478638,
  "frac_gt03": 0.7740866541862488,
  "frac_gt05": 0.5274625420570374,
  "frac_gt07": 0.308093786239624
 }
}