{
 "run_a": "soap_s2",
 "run_b": "muon_s1",
 "layer": 6,
 "tokens": 1007616,
 "n_alive_a": 9647,
 "n_alive_b": 11229,
 "a_to_b": {
  "mean": 0.6257674098014832,
  "p50": 0.6559903025627136,
  "frac_gt03": 0.8826578259468079,
  "frac_gt05": 0.6843578219413757,
  "frac_gt07": 0.44221001863479614
 },
 "b_to_a": {
  "mean": 0.5988397598266602,
  "p50": 0.6147432327270508,
  "frac_gt03": 0.8587585687637329,
  "frac_gt05": 0.6331819295883179,
  "frac_gt07": 0.39576098322868347
 }
}