{
 "run_a": "soap_s1",
 "run_b": "muon_s0",
 "layer": 6,
 "tokens": 1007616,
 "n_alive_a": 5653,
 "n_alive_b": 11530,
 "a_to_b": {
  "mean": 0.6623777151107788,
  "p50": 0.6963343024253845,
  "frac_gt03": 0.93330979347229,
  "frac_gt05": 0.7599505186080933,
  "frac_gt07": 0.49389705061912537
 },
 "b_to_a": {
  "mean": 0.5187840461730957,
  "p50": 0.5012110471725464,
  "frac_gt03": 0.7582827210426331,
  "frac_gt05": 0.5013876557350159,
  "frac_gt07": 0.2857762277126312
 }
}