{
 "run_a": "soap_s1",
 "run_b": "soap_s2",
 "layer": 6,
 "tokens": 1007616,
 "n_alive_a": 5653,
 "n_alive_b": 9647,
 "a_to_b": {
  "mean": 0.6620157361030579,
  "p50": 0.694709062576294,
  "frac_gt03": 0.9294180274009705,
  "frac_gt05": 0.7574739456176758,
  "frac_gt07": 0.4898284375667572
 },
 "b_to_a": {
  "mean": 0.5382856726646423,
  "p50": 0.5310448408126831,
  "frac_gt03": 0.7755779027938843,
  "frac_gt05": 0.5377838015556335,
  "frac_gt07": 0.3188556134700775
 }
}