{
 "run_a": "soap_s2",
 "run_b": "muon_s2",
 "layer": 6,
 "tokens": 1007616,
 "n_alive_a": 9647,
 "n_alive_b": 11484,
 "a_to_b": {
  "mean": 0.6253440976142883,
  "p50": 0.6521809101104736,
  "frac_gt03": 0.882450520992279,
  "frac_gt05": 0.6830102801322937,
  "frac_gt07": 0.44303929805755615
 },
 "b_to_a": {
  "mean": 0.6015642881393433,
  "p50": 0.6132093071937561,
  "frac_gt03": 0.8650295734405518,
  "frac_gt05": 0.6433298587799072,
  "frac_gt07": 0.397683709859848
 }
}