{
 "run_a": "soap_s1",
 "run_b": "muon_s2",
 "layer": 6,
 "tokens": 1007616,
 "n_alive_a": 5653,
 "n_alive_b": 11484,
 "a_to_b": {
  "mean": 0.662314236164093,
  "p50": 0.6929008364677429,
  "frac_gt03": 0.93277907371521,
  "frac_gt05": 0.7587122321128845,
  "frac_gt07": 0.48859015107154846
 },
 "b_to_a": {
  "mean": 0.5208642482757568,
  "p50": 0.5055587291717529,
  "frac_gt03": 0.7592301964759827,
  "frac_gt05": 0.5059212446212769,
  "frac_gt07": 0.2843085825443268
 }
}