{
 "run_a": "soap_s2",
 "run_b": "muon_s0",
 "layer": 6,
 "tokens": 1007616,
 "n_alive_a": 9647,
 "n_alive_b": 11530,
 "a_to_b": {
  "mean": 0.6258131861686707,
  "p50": 0.6555073261260986,
  "frac_gt03": 0.8813102841377258,
  "frac_gt05": 0.6849797964096069,
  "frac_gt07": 0.444490522146225
 },
 "b_to_a": {
  "mean": 0.5988966226577759,
  "p50": 0.6112861037254333,
  "frac_gt03": 0.8614917397499084,
  "frac_gt05": 0.6362532377243042,
  "frac_gt07": 0.3947961628437042
 }
}