{
 "run_a": "soap_s0",
 "run_b": "adamw_s1",
 "layer": 6,
 "tokens": 1007616,
 "n_alive_a": 7711,
 "n_alive_b": 12255,
 "a_to_b": {
  "mean": 0.6213074922561646,
  "p50": 0.6459653973579407,
  "frac_gt03": 0.8861366510391235,
  "frac_gt05": 0.6847360730171204,
  "frac_gt07": 0.4288678467273712
 },
 "b_to_a": {
  "mean": 0.5309982895851135,
  "p50": 0.5153748989105225,
  "frac_gt03": 0.7756834030151367,
  "frac_gt05": 0.5177478790283203,
  "frac_gt07": 0.3009383976459503
 }
}