{
 "run_a": "soap_s2",
 "run_b": "adamw_s2",
 "layer": 6,
 "tokens": 1007616,
 "n_alive_a": 9647,
 "n_alive_b": 12071,
 "a_to_b": {
  "mean": 0.6060036420822144,
  "p50": 0.6284385919570923,
  "frac_gt03": 0.8621333241462708,
  "frac_gt05": 0.6557478904724121,
  "frac_gt07": 0.41567328572273254
 },
 "b_to_a": {
  "mean": 0.5650662183761597,
  "p50": 0.564542293548584,
  "frac_gt03": 0.8201475143432617,
  "frac_gt05": 0.5794051885604858,
  "frac_gt07": 0.35034382343292236
 }
}