{
 "run_a": "soap_s1",
 "run_b": "adamw_s2",
 "layer": 6,
 "tokens": 1007616,
 "n_alive_a": 5653,
 "n_alive_b": 12071,
 "a_to_b": {
  "mean": 0.6481043696403503,
  "p50": 0.6777870059013367,
  "frac_gt03": 0.9221652746200562,
  "frac_gt05": 0.7358924746513367,
  "frac_gt07": 0.46753937005996704
 },
 "b_to_a": {
  "mean": 0.4905441999435425,
  "p50": 0.4606027901172638,
  "frac_gt03": 0.7108773589134216,
  "frac_gt05": 0.4542291462421417,
  "frac_gt07": 0.25159475207328796
 }
}