{
 "run_a": "soap_s1",
 "run_b": "adamw_s0",
 "layer": 6,
 "tokens": 1007616,
 "n_alive_a": 5653,
 "n_alive_b": 12099,
 "a_to_b": {
  "mean": 0.6468172073364258,
  "p50": 0.6765276789665222,
  "frac_gt03": 0.9221652746200562,
  "frac_gt05": 0.7346541881561279,
  "frac_gt07": 0.46700868010520935
 },
 "b_to_a": {
  "mean": 0.49350234866142273,
  "p50": 0.465870201587677,
  "frac_gt03": 0.7142739295959473,
  "frac_gt05": 0.4620216488838196,
  "frac_gt07": 0.2558889091014862
 }
}