{
 "run_a": "soap_s0",
 "run_b": "muon_s2",
 "layer": 6,
 "tokens": 1007616,
 "n_alive_a": 7711,
 "n_alive_b": 11484,
 "a_to_b": {
  "mean": 0.6431984305381775,
  "p50": 0.6767066121101379,
  "frac_gt03": 0.9085721373558044,
  "frac_gt05": 0.7188432216644287,
  "frac_gt07": 0.4672545790672302
 },
 "b_to_a": {
  "mean": 0.5683063268661499,
  "p50": 0.5702946186065674,
  "frac_gt03": 0.8256704807281494,
  "frac_gt05": 0.5857715010643005,
  "frac_gt07": 0.3490943908691406
 }
}