{
 "run_a": "soap_s0",
 "run_b": "soap_s1",
 "layer": 6,
 "tokens": 1007616,
 "n_alive_a": 7711,
 "n_alive_b": 5653,
 "a_to_b": {
  "mean": 0.5784024000167847,
  "p50": 0.5945915579795837,
  "frac_gt03": 0.8262222409248352,
  "frac_gt05": 0.6071845293045044,
  "frac_gt07": 0.371547132730484
 },
 "b_to_a": {
  "mean": 0.6560153365135193,
  "p50": 0.687218427658081,
  "frac_gt03": 0.9242880344390869,
  "frac_gt05": 0.7424376606941223,
  "frac_gt07": 0.4825756549835205
 }
}