{
 "run_a": "soap_s0",
 "run_b": "soap_s2",
 "layer": 6,
 "tokens": 1007616,
 "n_alive_a": 7711,
 "n_alive_b": 9647,
 "a_to_b": {
  "mean": 0.6361871957778931,
  "p50": 0.6682912707328796,
  "frac_gt03": 0.9010504484176636,
  "frac_gt05": 0.7050966024398804,
  "frac_gt07": 0.45804694294929504
 },
 "b_to_a": {
  "mean": 0.5851612687110901,
  "p50": 0.5984939932823181,
  "frac_gt03": 0.8372551202774048,
  "frac_gt05": 0.6115891337394714,
  "frac_gt07": 0.38343527913093567
 }
}