{
 "run_a": "soap_s0",
 "run_b": "adamw_s0",
 "layer": 6,
 "tokens": 1007616,
 "n_alive_a": 7711,
 "n_alive_b": 12099,
 "a_to_b": {
  "mean": 0.6266254782676697,
  "p50": 0.6555624604225159,
  "frac_gt03": 0.8909350037574768,
  "frac_gt05": 0.692257821559906,
  "frac_gt07": 0.4398910701274872
 },
 "b_to_a": {
  "mean": 0.5396308302879333,
  "p50": 0.5280369520187378,
  "frac_gt03": 0.7841970324516296,
  "frac_gt05": 0.5332671999931335,
  "frac_gt07": 0.3116786479949951
 }
}