{
 "run_a": "soap_s0",
 "run_b": "muon_s0",
 "layer": 6,
 "tokens": 1007616,
 "n_alive_a": 7711,
 "n_alive_b": 11530,
 "a_to_b": {
  "mean": 0.6424415707588196,
  "p50": 0.6761417388916016,
  "frac_gt03": 0.9058488011360168,
  "frac_gt05": 0.7148229479789734,
  "frac_gt07": 0.467124879360199
 },
 "b_to_a": {
  "mean": 0.5649699568748474,
  "p50": 0.5652005672454834,
  "frac_gt03": 0.8196877241134644,
  "frac_gt05": 0.5772766470909119,
  "frac_gt07": 0.3470945358276367
 }
}