{
 "run_a": "soap_s2",
 "run_b": "adamw_s1",
 "layer": 6,
 "tokens": 1007616,
 "n_alive_a": 9647,
 "n_alive_b": 12255,
 "a_to_b": {
  "mean": 0.6064927577972412,
  "p50": 0.6296419501304626,
  "frac_gt03": 0.8626516461372375,
  "frac_gt05": 0.6523271799087524,
  "frac_gt07": 0.4117342233657837
 },
 "b_to_a": {
  "mean": 0.5635573863983154,
  "p50": 0.5647934079170227,
  "frac_gt03": 0.8187678456306458,
  "frac_gt05": 0.5735618472099304,
  "frac_gt07": 0.3452468514442444
 }
}