{
 "run_a": "soap_s1",
 "run_b": "adamw_s1",
 "layer": 6,
 "tokens": 1007616,
 "n_alive_a": 5653,
 "n_alive_b": 12255,
 "a_to_b": {
  "mean": 0.6442736387252808,
  "p50": 0.6766301989555359,
  "frac_gt03": 0.9186273217201233,
  "frac_gt05": 0.7274013757705688,
  "frac_gt07": 0.46311694383621216
 },
 "b_to_a": {
  "mean": 0.4878453314304352,
  "p50": 0.4542214572429657,
  "frac_gt03": 0.7090983390808105,
  "frac_gt05": 0.4483884274959564,
  "frac_gt07": 0.2493676096200943
 }
}