{
 "run_a": "soap_s0",
 "run_b": "muon_s1",
 "layer": 6,
 "tokens": 1007616,
 "n_alive_a": 7711,
 "n_alive_b": 11229,
 "a_to_b": {
  "mean": 0.6390517950057983,
  "p50": 0.6720325946807861,
  "frac_gt03": 0.9036441445350647,
  "frac_gt05": 0.7131370902061462,
  "frac_gt07": 0.4596031606197357
 },
 "b_to_a": {
  "mean": 0.5629372000694275,
  "p50": 0.5640875101089478,
  "frac_gt03": 0.8128951787948608,
  "frac_gt05": 0.5741384029388428,
  "frac_gt07": 0.34437617659568787
 }
}