{
 "ckpt": "ckpts/adamw_s2/L3.35_step005100.pt",
 "layer": 9,
 "expansion": 16,
 "k": 32,
 "normalize": false,
 "raw_act_norm_mean": 1141.364501953125,
 "tokens": 50003968,
 "val_tokens": 2031616,
 "fvu": 0.18012012595898216,
 "dead_frac_train": 0.0,
 "dead_frac_val": 0.0047200522385537624,
 "density_mean": 0.0026041667442768812,
 "density_p50": 0.0010247998870909214,
 "density_p99": 0.018575135618448257,
 "maxcos_mean": 0.2939739227294922,
 "maxcos_p50": 0.2868230938911438,
 "maxcos_p95": 0.4310401678085327
}