{
 "ckpt": "ckpts/adamw_s1_switch/step005100.pt",
 "layer": 6,
 "expansion": 16,
 "k": 32,
 "normalize": false,
 "raw_act_norm_mean": 1570.36181640625,
 "tokens": 50003968,
 "val_tokens": 2031616,
 "fvu": 0.18083209091058317,
 "dead_frac_train": 0.0,
 "dead_frac_val": 0.0005696614971384406,
 "density_mean": 0.0026041665114462376,
 "density_p50": 0.0007865659426897764,
 "density_p99": 0.022846298292279243,
 "maxcos_mean": 0.31370848417282104,
 "maxcos_p50": 0.3052048683166504,
 "maxcos_p95": 0.4438959062099457
}