{
 "ckpt": "ckpts/adamw_s1/step004000.pt",
 "layer": 6,
 "expansion": 16,
 "k": 32,
 "normalize": false,
 "raw_act_norm_mean": 769.9376220703125,
 "tokens": 50003968,
 "val_tokens": 2031616,
 "fvu": 0.15242251355610678,
 "dead_frac_train": 0.0,
 "dead_frac_val": 0.0032552084885537624,
 "density_mean": 0.0026041665114462376,
 "density_p50": 0.0008958385442383587,
 "density_p99": 0.03105652704834938,
 "maxcos_mean": 0.2981274724006653,
 "maxcos_p50": 0.2933049201965332,
 "maxcos_p95": 0.42673420906066895
}