{
 "ckpt": "ckpts/adamw_s1/step005100.pt",
 "layer": 9,
 "expansion": 16,
 "k": 32,
 "normalize": false,
 "raw_act_norm_mean": 1256.2557373046875,
 "tokens": 50003968,
 "val_tokens": 2031616,
 "fvu": 0.1847636866160158,
 "dead_frac_train": 0.0,
 "dead_frac_val": 0.00537109375,
 "density_mean": 0.0026041665114462376,
 "density_p50": 0.0010528564453125,
 "density_p99": 0.020801519975066185,
 "maxcos_mean": 0.29781800508499146,
 "maxcos_p50": 0.29071852564811707,
 "maxcos_p95": 0.4328095614910126
}