{
 "ckpt": "ckpts/adamw_s2_switch/L3.50_step003875.pt",
 "layer": 6,
 "expansion": 16,
 "k": 32,
 "normalize": false,
 "raw_act_norm_mean": 1359.154541015625,
 "tokens": 50003968,
 "val_tokens": 2031616,
 "fvu": 0.16386391567654024,
 "dead_frac_train": 0.0,
 "dead_frac_val": 0.00032552084303461015,
 "density_mean": 0.0026041665114462376,
 "density_p50": 0.0008042858098633587,
 "density_p99": 0.027324439957737923,
 "maxcos_mean": 0.3118804395198822,
 "maxcos_p50": 0.30302372574806213,
 "maxcos_p95": 0.43394923210144043
}