{
 "ckpt": "ckpts/adamw_s0/step002000.pt",
 "layer": 6,
 "expansion": 16,
 "k": 32,
 "normalize": false,
 "raw_act_norm_mean": 399.2589111328125,
 "tokens": 50003968,
 "val_tokens": 2031616,
 "fvu": 0.14865654408034248,
 "dead_frac_train": 0.0,
 "dead_frac_val": 0.0039876303635537624,
 "density_mean": 0.0026041665114462376,
 "density_p50": 0.0008490777690894902,
 "density_p99": 0.037938278168439865,
 "maxcos_mean": 0.3126004636287689,
 "maxcos_p50": 0.3061295449733734,
 "maxcos_p95": 0.4333103895187378
}