{
 "ckpt": "ckpts/adamw_s2/L3.35_step005100.pt",
 "layer": 6,
 "expansion": 16,
 "k": 32,
 "tokens": 50003968,
 "val_tokens": 2031616,
 "fvu": 0.12141099335712117,
 "dead_frac_train": 0.0,
 "dead_frac_val": 0.0162760429084301,
 "density_mean": 0.0026041665114462376,
 "density_p50": 0.0007939492352306843,
 "density_p99": 0.030132552608847618,
 "maxcos_mean": 0.2874511182308197,
 "maxcos_p50": 0.2817484438419342,
 "maxcos_p95": 0.4160924255847931
}