{
 "ckpt": "ckpts/adamw_s1_350m/step005100.pt",
 "layer": 12,
 "expansion": 16,
 "k": 32,
 "normalize": false,
 "raw_act_norm_mean": 1773.966552734375,
 "tokens": 50003968,
 "val_tokens": 2031616,
 "fvu": 0.1644148250021797,
 "dead_frac_train": 0.0,
 "dead_frac_val": 0.17242431640625,
 "density_mean": 0.0019531248835846782,
 "density_p50": 0.0005261821206659079,
 "density_p99": 0.027533622458577156,
 "maxcos_mean": 0.258866548538208,
 "maxcos_p50": 0.25920480489730835,
 "maxcos_p95": 0.4093262851238251
}