{
 "ckpt": "ckpts/adamw_s1/step003000.pt",
 "layer": 6,
 "expansion": 16,
 "k": 32,
 "normalize": false,
 "raw_act_norm_mean": 611.0609130859375,
 "tokens": 50003968,
 "val_tokens": 2031616,
 "fvu": 0.161397046899448,
 "dead_frac_train": 0.0,
 "dead_frac_val": 0.0032552084885537624,
 "density_mean": 0.0026041667442768812,
 "density_p50": 0.0008603988098911941,
 "density_p99": 0.029468685388565063,
 "maxcos_mean": 0.3066628873348236,
 "maxcos_p50": 0.3007807731628418,
 "maxcos_p95": 0.4359579384326935
}