{
 "ckpt": "ckpts/adamw_s1/step005100.pt",
 "layer": 6,
 "expansion": 16,
 "k": 32,
 "tokens": 50003968,
 "val_tokens": 2031616,
 "fvu": 0.14680212583141433,
 "dead_frac_train": 0.0,
 "dead_frac_val": 0.0021158854942768812,
 "density_mean": 0.0026041665114462376,
 "density_p50": 0.0009002685546875,
 "density_p99": 0.029264969751238823,
 "maxcos_mean": 0.29178041219711304,
 "maxcos_p50": 0.2846449911594391,
 "maxcos_p95": 0.4199110269546509
}