{
 "ckpt": "ckpts/adamw_s2/step004000.pt",
 "layer": 6,
 "expansion": 16,
 "k": 32,
 "normalize": false,
 "raw_act_norm_mean": 707.5072021484375,
 "tokens": 50003968,
 "val_tokens": 2031616,
 "fvu": 0.13323692300782847,
 "dead_frac_train": 0.0,
 "dead_frac_val": 0.0194498710334301,
 "density_mean": 0.0026041667442768812,
 "density_p50": 0.000810684694442898,
 "density_p99": 0.03376029431819916,
 "maxcos_mean": 0.2907832860946655,
 "maxcos_p50": 0.28553491830825806,
 "maxcos_p95": 0.4148291349411011
}