{
 "ckpt": "ckpts/adamw_s0/L3.35_step005100.pt",
 "layer": 6,
 "expansion": 16,
 "k": 32,
 "normalize": false,
 "raw_act_norm_mean": 706.62255859375,
 "tokens": 50003968,
 "val_tokens": 2031616,
 "fvu": 0.14147074832675113,
 "dead_frac_train": 0.0,
 "dead_frac_val": 0.01106770895421505,
 "density_mean": 0.0026041665114462376,
 "density_p50": 0.000852523313369602,
 "density_p99": 0.029513996094465256,
 "maxcos_mean": 0.2847684919834137,
 "maxcos_p50": 0.2774108648300171,
 "maxcos_p95": 0.41433650255203247
}