{
 "ckpt": "ckpts/adamw_s0/L3.35_step005100.pt",
 "layer": 6,
 "expansion": 16,
 "k": 32,
 "normalize": false,
 "raw_act_norm_mean": 706.62255859375,
 "tokens": 50003968,
 "val_tokens": 2031616,
 "fvu": 0.1419431740710245,
 "dead_frac_train": 0.0,
 "dead_frac_val": 0.01131184957921505,
 "density_mean": 0.0026041665114462376,
 "density_p50": 0.0008328345138579607,
 "density_p99": 0.027645010501146317,
 "maxcos_mean": 0.2864872217178345,
 "maxcos_p50": 0.2799586355686188,
 "maxcos_p95": 0.4162559509277344
}