{
 "ckpt": "ckpts/adamw_s1/L3.50_step003625.pt",
 "layer": 6,
 "expansion": 16,
 "k": 32,
 "normalize": false,
 "raw_act_norm_mean": 729.3544921875,
 "tokens": 50003968,
 "val_tokens": 2031616,
 "fvu": 0.155965196054862,
 "dead_frac_train": 0.0,
 "dead_frac_val": 0.0030924479942768812,
 "density_mean": 0.0026041665114462376,
 "density_p50": 0.0008559687994420528,
 "density_p99": 0.030849702656269073,
 "maxcos_mean": 0.3032968044281006,
 "maxcos_p50": 0.2966180741786957,
 "maxcos_p95": 0.43199780583381653
}