{
 "ckpt": "ckpts/adamw_s0/L3.35_step005100.pt",
 "layer": 9,
 "expansion": 16,
 "k": 32,
 "normalize": false,
 "raw_act_norm_mean": 1072.287841796875,
 "tokens": 50003968,
 "val_tokens": 2031616,
 "fvu": 0.16516111361778316,
 "dead_frac_train": 0.0,
 "dead_frac_val": 0.001220703125,
 "density_mean": 0.0026041667442768812,
 "density_p50": 0.0010420276084914804,
 "density_p99": 0.019458338618278503,
 "maxcos_mean": 0.2924339175224304,
 "maxcos_p50": 0.28392893075942993,
 "maxcos_p95": 0.4262353777885437
}