{
 "ckpt": "ckpts/adamw_s2/step001000.pt",
 "layer": 6,
 "expansion": 16,
 "k": 32,
 "normalize": false,
 "raw_act_norm_mean": 206.7542266845703,
 "tokens": 50003968,
 "val_tokens": 2031616,
 "fvu": 0.13843115632721725,
 "dead_frac_train": 0.0,
 "dead_frac_val": 0.006998698227107525,
 "density_mean": 0.0026041667442768812,
 "density_p50": 0.0007555561605840921,
 "density_p99": 0.038811735808849335,
 "maxcos_mean": 0.3395232558250427,
 "maxcos_p50": 0.3338209390640259,
 "maxcos_p95": 0.46270042657852173
}