{
 "ckpt": "ckpts/adamw_s0/step000500.pt",
 "layer": 6,
 "expansion": 16,
 "k": 32,
 "normalize": false,
 "raw_act_norm_mean": 114.49061584472656,
 "tokens": 50003968,
 "val_tokens": 2031616,
 "fvu": 0.10687149208687442,
 "dead_frac_train": 0.0,
 "dead_frac_val": 0.132568359375,
 "density_mean": 0.0026041667442768812,
 "density_p50": 0.000536026491317898,
 "density_p99": 0.04213628172874451,
 "maxcos_mean": 0.35961097478866577,
 "maxcos_p50": 0.3670521676540375,
 "maxcos_p95": 0.4981303811073303
}