{
 "ckpt": "ckpts/adamw_s2_tiny/step005100.pt",
 "layer": 3,
 "expansion": 16,
 "k": 32,
 "normalize": false,
 "raw_act_norm_mean": 109.46255493164062,
 "tokens": 50003968,
 "val_tokens": 2031616,
 "fvu": 0.12496884410803463,
 "dead_frac_train": 0.0,
 "dead_frac_val": 0.0,
 "density_mean": 0.0052083334885537624,
 "density_p50": 0.0020604287274181843,
 "density_p99": 0.047834254801273346,
 "maxcos_mean": 0.3000822067260742,
 "maxcos_p50": 0.289372056722641,
 "maxcos_p95": 0.41597598791122437
}