{
 "ckpt": "ckpts/adamw_s0_tiny/step005100.pt",
 "layer": 3,
 "expansion": 16,
 "k": 32,
 "normalize": false,
 "raw_act_norm_mean": 142.0162811279297,
 "tokens": 50003968,
 "val_tokens": 2031616,
 "fvu": 0.14257828953638074,
 "dead_frac_train": 0.0,
 "dead_frac_val": 0.0,
 "density_mean": 0.0052083334885537624,
 "density_p50": 0.0021047284826636314,
 "density_p99": 0.04659925401210785,
 "maxcos_mean": 0.3125627934932709,
 "maxcos_p50": 0.30039793252944946,
 "maxcos_p95": 0.4444231390953064
}