{
 "ckpt": "ckpts/muonmlp_s4/step005100.pt",
 "layer": 6,
 "expansion": 16,
 "k": 32,
 "normalize": false,
 "raw_act_norm_mean": 3919.47607421875,
 "tokens": 50003968,
 "val_tokens": 2031616,
 "fvu": 0.13508416440663965,
 "dead_frac_train": 0.0,
 "dead_frac_val": 0.012125651352107525,
 "density_mean": 0.0026041667442768812,
 "density_p50": 0.0006507135112769902,
 "density_p99": 0.0279123205691576,
 "maxcos_mean": 0.3002685308456421,
 "maxcos_p50": 0.2969076633453369,
 "maxcos_p95": 0.4146476089954376
}