{
 "ckpt": "ckpts/muon_s2/L3.50_step002250.pt",
 "layer": 6,
 "expansion": 16,
 "k": 32,
 "normalize": false,
 "raw_act_norm_mean": 2519.5263671875,
 "tokens": 50003968,
 "val_tokens": 2031616,
 "fvu": 0.13566835085024057,
 "dead_frac_train": 0.0,
 "dead_frac_val": 0.0496419295668602,
 "density_mean": 0.0026041667442768812,
 "density_p50": 0.0007171630859375,
 "density_p99": 0.028038620948791504,
 "maxcos_mean": 0.317973256111145,
 "maxcos_p50": 0.31214040517807007,
 "maxcos_p95": 0.4498974680900574
}