{
 "ckpt": "ckpts/muonmlp_s2/step005100.pt",
 "layer": 9,
 "expansion": 16,
 "k": 32,
 "normalize": false,
 "raw_act_norm_mean": 6118.61767578125,
 "tokens": 50003968,
 "val_tokens": 2031616,
 "fvu": 0.16378208035683683,
 "dead_frac_train": 0.0,
 "dead_frac_val": 0.0010579427471384406,
 "density_mean": 0.0026041667442768812,
 "density_p50": 0.0007870581466704607,
 "density_p99": 0.02582434006035328,
 "maxcos_mean": 0.31571948528289795,
 "maxcos_p50": 0.30875900387763977,
 "maxcos_p95": 0.43312931060791016
}