{
 "ckpt": "ckpts/muonmlp_s1_w250/step005100.pt",
 "layer": 6,
 "expansion": 16,
 "k": 32,
 "normalize": false,
 "raw_act_norm_mean": 2513.90771484375,
 "tokens": 50003968,
 "val_tokens": 2031616,
 "fvu": 0.16182323716632047,
 "dead_frac_train": 0.0,
 "dead_frac_val": 0.1363118588924408,
 "density_mean": 0.0026041665114462376,
 "density_p50": 0.0006630189600400627,
 "density_p99": 0.026016810908913612,
 "maxcos_mean": 0.2805243134498596,
 "maxcos_p50": 0.2805939316749573,
 "maxcos_p95": 0.4183862507343292
}