{
 "ckpt": "ckpts/muonattn_s1/step005100.pt",
 "layer": 6,
 "expansion": 16,
 "k": 32,
 "normalize": false,
 "raw_act_norm_mean": 1352.213623046875,
 "tokens": 50003968,
 "val_tokens": 2031616,
 "fvu": 0.07674303163362511,
 "dead_frac_train": 0.0,
 "dead_frac_val": 0.0028483073692768812,
 "density_mean": 0.0026041665114462376,
 "density_p50": 0.0007865659426897764,
 "density_p99": 0.030176503583788872,
 "maxcos_mean": 0.30631864070892334,
 "maxcos_p50": 0.2944100499153137,
 "maxcos_p95": 0.451754629611969
}