{
 "ckpt": "ckpts/muon_s2/step005100.pt",
 "layer": 6,
 "expansion": 16,
 "k": 32,
 "normalize": false,
 "raw_act_norm_mean": 4192.61767578125,
 "tokens": 50003968,
 "val_tokens": 2031616,
 "fvu": 0.1120029127071401,
 "dead_frac_train": 0.0,
 "dead_frac_val": 0.0598958358168602,
 "density_mean": 0.0026041667442768812,
 "density_p50": 0.0007161786197684705,
 "density_p99": 0.025830034166574478,
 "maxcos_mean": 0.304890513420105,
 "maxcos_p50": 0.29987019300460815,
 "maxcos_p95": 0.43996915221214294
}