{
 "ckpt": "ckpts/muonmlp_s2/L3.50_step004875.pt",
 "layer": 6,
 "expansion": 16,
 "k": 32,
 "normalize": false,
 "raw_act_norm_mean": 3643.59228515625,
 "tokens": 50003968,
 "val_tokens": 2031616,
 "fvu": 0.1454197592520654,
 "dead_frac_train": 0.0,
 "dead_frac_val": 0.0374348983168602,
 "density_mean": 0.0026041665114462376,
 "density_p50": 0.0005650673992931843,
 "density_p99": 0.026939958333969116,
 "maxcos_mean": 0.30521827936172485,
 "maxcos_p50": 0.3018335998058319,
 "maxcos_p95": 0.4305872619152069
}