{
 "ckpt": "ckpts/muon_s0/step005100.pt",
 "layer": 6,
 "expansion": 16,
 "k": 32,
 "normalize": false,
 "raw_act_norm_mean": 4113.9501953125,
 "tokens": 50003968,
 "val_tokens": 2031616,
 "fvu": 0.13268744060938545,
 "dead_frac_train": 0.0,
 "dead_frac_val": 0.052978515625,
 "density_mean": 0.0026041665114462376,
 "density_p50": 0.0007122408715076745,
 "density_p99": 0.02544262818992138,
 "maxcos_mean": 0.3072490692138672,
 "maxcos_p50": 0.3018074929714203,
 "maxcos_p95": 0.4389486610889435
}