{
 "ckpt": "ckpts/muon_s0/L3.35_step004375.pt",
 "layer": 9,
 "expansion": 16,
 "k": 32,
 "normalize": false,
 "raw_act_norm_mean": 7914.9619140625,
 "tokens": 50003968,
 "val_tokens": 2031616,
 "fvu": 0.19117086974773237,
 "dead_frac_train": 0.0,
 "dead_frac_val": 0.031494140625,
 "density_mean": 0.0026041667442768812,
 "density_p50": 0.0008116691024042666,
 "density_p99": 0.020326483994722366,
 "maxcos_mean": 0.3086535334587097,
 "maxcos_p50": 0.30436381697654724,
 "maxcos_p95": 0.4376021921634674
}