{
 "ckpt": "ckpts/muonmlp9_s0/step005100.pt",
 "layer": 6,
 "expansion": 16,
 "k": 32,
 "normalize": false,
 "raw_act_norm_mean": 3380.795654296875,
 "tokens": 50003968,
 "val_tokens": 2031616,
 "fvu": 0.1641315464681516,
 "dead_frac_train": 0.0,
 "dead_frac_val": 0.017822265625,
 "density_mean": 0.0026041667442768812,
 "density_p50": 0.0007033809088170528,
 "density_p99": 0.02492191083729267,
 "maxcos_mean": 0.31586161255836487,
 "maxcos_p50": 0.31122612953186035,
 "maxcos_p95": 0.43919822573661804
}