{
 "ckpt": "ckpts/muonmlp6_s0/L3.50_step004500.pt",
 "layer": 6,
 "expansion": 16,
 "k": 32,
 "normalize": false,
 "raw_act_norm_mean": 1464.3382568359375,
 "tokens": 50003968,
 "val_tokens": 2031616,
 "fvu": 0.15591453256646062,
 "dead_frac_train": 0.0,
 "dead_frac_val": 0.0,
 "density_mean": 0.0026041667442768812,
 "density_p50": 0.0008057624800130725,
 "density_p99": 0.02580694854259491,
 "maxcos_mean": 0.2811914086341858,
 "maxcos_p50": 0.2738310992717743,
 "maxcos_p95": 0.3937624990940094
}