{
 "ckpt": "ckpts/muonmlp_s2/step005100.pt",
 "layer": 6,
 "expansion": 16,
 "k": 32,
 "normalize": false,
 "raw_act_norm_mean": 3619.947509765625,
 "tokens": 50003968,
 "val_tokens": 2031616,
 "fvu": 0.1464937113869651,
 "dead_frac_train": 0.0,
 "dead_frac_val": 0.0358072929084301,
 "density_mean": 0.0026041665114462376,
 "density_p50": 0.0005704818177036941,
 "density_p99": 0.027255719527602196,
 "maxcos_mean": 0.30540865659713745,
 "maxcos_p50": 0.30043360590934753,
 "maxcos_p95": 0.4325962960720062
}