{
 "ckpt": "ckpts/muon_s1/L3.50_step002250.pt",
 "layer": 6,
 "expansion": 16,
 "k": 32,
 "normalize": false,
 "raw_act_norm_mean": 2639.8994140625,
 "tokens": 50003968,
 "val_tokens": 2031616,
 "fvu": 0.14832785728673098,
 "dead_frac_train": 0.0,
 "dead_frac_val": 0.0654296875,
 "density_mean": 0.0026041665114462376,
 "density_p50": 0.0007338984869420528,
 "density_p99": 0.025919269770383835,
 "maxcos_mean": 0.32089561223983765,
 "maxcos_p50": 0.3166828155517578,
 "maxcos_p95": 0.4575580954551697
}