{
 "ckpt": "ckpts/muon_s0_350m/step005100.pt",
 "layer": 12,
 "expansion": 16,
 "k": 32,
 "normalize": false,
 "raw_act_norm_mean": 6162.58251953125,
 "tokens": 50003968,
 "val_tokens": 2031616,
 "fvu": 0.1440869151279804,
 "dead_frac_train": 0.0,
 "dead_frac_val": 0.2056884765625,
 "density_mean": 0.001953125,
 "density_p50": 0.0004075573233421892,
 "density_p99": 0.022159166634082794,
 "maxcos_mean": 0.28410419821739197,
 "maxcos_p50": 0.2875688374042511,
 "maxcos_p95": 0.4381345808506012
}