{
 "ckpt": "ckpts/muon_s2/L3.35_step004375.pt",
 "layer": 6,
 "expansion": 16,
 "k": 32,
 "tokens": 50003968,
 "val_tokens": 2031616,
 "fvu": 0.1187535378043118,
 "dead_frac_train": 0.0,
 "dead_frac_val": 0.063720703125,
 "density_mean": 0.0026041665114462376,
 "density_p50": 0.0007132253376767039,
 "density_p99": 0.02509799785912037,
 "maxcos_mean": 0.3086446523666382,
 "maxcos_p50": 0.3037849962711334,
 "maxcos_p95": 0.4482470452785492
}