{
 "ckpt": "ckpts/muonmlp_s0_w250/L3.50_step003625.pt",
 "layer": 6,
 "expansion": 16,
 "k": 32,
 "normalize": false,
 "raw_act_norm_mean": 2515.108154296875,
 "tokens": 50003968,
 "val_tokens": 2031616,
 "fvu": 0.08808874152758055,
 "dead_frac_train": 0.0,
 "dead_frac_val": 0.0616048201918602,
 "density_mean": 0.0026041667442768812,
 "density_p50": 0.0006891065859235823,
 "density_p99": 0.03245462104678154,
 "maxcos_mean": 0.3107095956802368,
 "maxcos_p50": 0.3074844181537628,
 "maxcos_p95": 0.44244545698165894
}