{
 "ckpt": "ckpts/muonmlp6_s2/L3.50_step004375.pt",
 "layer": 6,
 "expansion": 16,
 "k": 32,
 "normalize": false,
 "raw_act_norm_mean": 1788.7332763671875,
 "tokens": 50003968,
 "val_tokens": 2031616,
 "fvu": 0.16928375482585306,
 "dead_frac_train": 0.0,
 "dead_frac_val": 0.0,
 "density_mean": 0.0026041665114462376,
 "density_p50": 0.0007811515242792666,
 "density_p99": 0.030659733340144157,
 "maxcos_mean": 0.2941824793815613,
 "maxcos_p50": 0.2871820628643036,
 "maxcos_p95": 0.4122474491596222
}