{
 "ckpt": "ckpts/muon_s0/L3.35_step004375.pt",
 "layer": 6,
 "expansion": 16,
 "k": 32,
 "normalize": true,
 "raw_act_norm_mean": 4211.33154296875,
 "tokens": 50003968,
 "val_tokens": 2031616,
 "fvu": 0.1340278787964699,
 "dead_frac_train": 0.0,
 "dead_frac_val": 0.047119140625,
 "density_mean": 0.0026041667442768812,
 "density_p50": 0.0007112564635463059,
 "density_p99": 0.0254085510969162,
 "maxcos_mean": 0.3110257089138031,
 "maxcos_p50": 0.3065704107284546,
 "maxcos_p95": 0.44233015179634094
}