{
 "ckpt": "ckpts/muonmlp3_s1/L3.50_step004250.pt",
 "layer": 6,
 "expansion": 16,
 "k": 32,
 "normalize": false,
 "raw_act_norm_mean": 1131.576171875,
 "tokens": 50003968,
 "val_tokens": 2031616,
 "fvu": 0.11142628761043034,
 "dead_frac_train": 0.0,
 "dead_frac_val": 0.0004069010610692203,
 "density_mean": 0.0026041667442768812,
 "density_p50": 0.0007841048645786941,
 "density_p99": 0.036294784396886826,
 "maxcos_mean": 0.29388779401779175,
 "maxcos_p50": 0.2874939441680908,
 "maxcos_p95": 0.4095003604888916
}