{
 "ckpt": "ckpts/muon_s0/L3.35_step004375.pt",
 "layer": 6,
 "expansion": 16,
 "k": 32,
 "tokens": 50003968,
 "val_tokens": 2031616,
 "fvu": 0.1347618964184325,
 "dead_frac_train": 0.0,
 "dead_frac_val": 0.0597330741584301,
 "density_mean": 0.0026041665114462376,
 "density_p50": 0.0007023965008556843,
 "density_p99": 0.025576474145054817,
 "maxcos_mean": 0.3094825744628906,
 "maxcos_p50": 0.30526962876319885,
 "maxcos_p95": 0.4410957396030426
}