{
 "ckpt": "ckpts/muonmlp9_s1/L3.50_step004750.pt",
 "layer": 6,
 "expansion": 16,
 "k": 32,
 "normalize": false,
 "raw_act_norm_mean": 2655.68359375,
 "tokens": 50003968,
 "val_tokens": 2031616,
 "fvu": 0.1378003729475925,
 "dead_frac_train": 0.0,
 "dead_frac_val": 0.02294921875,
 "density_mean": 0.0026041665114462376,
 "density_p50": 0.0005985383177176118,
 "density_p99": 0.03156176954507828,
 "maxcos_mean": 0.30307698249816895,
 "maxcos_p50": 0.2985924780368805,
 "maxcos_p95": 0.42619436979293823
}