{
 "ckpt": "ckpts/muon_s1/L3.35_step004375.pt",
 "layer": 6,
 "expansion": 16,
 "k": 32,
 "tokens": 50003968,
 "val_tokens": 2031616,
 "fvu": 0.13968525580484092,
 "dead_frac_train": 0.0,
 "dead_frac_val": 0.0829264372587204,
 "density_mean": 0.0026041667442768812,
 "density_p50": 0.0007137175416573882,
 "density_p99": 0.02248402126133442,
 "maxcos_mean": 0.3107133209705353,
 "maxcos_p50": 0.3068154752254486,
 "maxcos_p95": 0.44719213247299194
}