{
 "ckpt": "ckpts/muonattn_s2_w250/L3.50_step002375.pt",
 "layer": 6,
 "expansion": 16,
 "k": 32,
 "normalize": false,
 "raw_act_norm_mean": 929.9661254882812,
 "tokens": 50003968,
 "val_tokens": 2031616,
 "fvu": 0.11589807993506751,
 "dead_frac_train": 0.0,
 "dead_frac_val": 0.00146484375,
 "density_mean": 0.0026041667442768812,
 "density_p50": 0.0008663054322823882,
 "density_p99": 0.030218008905649185,
 "maxcos_mean": 0.3126116991043091,
 "maxcos_p50": 0.30461782217025757,
 "maxcos_p95": 0.44828909635543823
}