{
 "ckpt": "ckpts/muonmlp6_s0/step005100.pt",
 "layer": 6,
 "expansion": 16,
 "k": 32,
 "normalize": false,
 "raw_act_norm_mean": 1410.70458984375,
 "tokens": 50003968,
 "val_tokens": 2031616,
 "fvu": 0.15689021864715927,
 "dead_frac_train": 0.0,
 "dead_frac_val": 0.0,
 "density_mean": 0.0026041667442768812,
 "density_p50": 0.0008195445989258587,
 "density_p99": 0.02652015909552574,
 "maxcos_mean": 0.27774161100387573,
 "maxcos_p50": 0.27139991521835327,
 "maxcos_p95": 0.3878989517688751
}