{
 "ckpt": "ckpts/muonmlp_s4/L3.50_step004625.pt",
 "layer": 6,
 "expansion": 16,
 "k": 32,
 "normalize": false,
 "raw_act_norm_mean": 4000.8662109375,
 "tokens": 50003968,
 "val_tokens": 2031616,
 "fvu": 0.13577263720578367,
 "dead_frac_train": 0.0,
 "dead_frac_val": 0.01318359375,
 "density_mean": 0.0026041665114462376,
 "density_p50": 0.0006566201336681843,
 "density_p99": 0.03042028844356537,
 "maxcos_mean": 0.3039776086807251,
 "maxcos_p50": 0.3008967339992523,
 "maxcos_p95": 0.4229319393634796
}