{
 "ckpt": "ckpts/muonattn_s2/L3.50_step003375.pt",
 "layer": 6,
 "expansion": 16,
 "k": 32,
 "normalize": false,
 "raw_act_norm_mean": 1131.22802734375,
 "tokens": 50003968,
 "val_tokens": 2031616,
 "fvu": 0.07804832979743836,
 "dead_frac_train": 0.0,
 "dead_frac_val": 0.0078125,
 "density_mean": 0.0026041665114462376,
 "density_p50": 0.0007540794904343784,
 "density_p99": 0.03186478465795517,
 "maxcos_mean": 0.3143473267555237,
 "maxcos_p50": 0.30234408378601074,
 "maxcos_p95": 0.4614863097667694
}