{
 "ckpt": "ckpts/muon_s0/step000500.pt",
 "layer": 6,
 "expansion": 16,
 "k": 32,
 "normalize": false,
 "raw_act_norm_mean": 737.0670166015625,
 "tokens": 50003968,
 "val_tokens": 2031616,
 "fvu": 0.13776758284481935,
 "dead_frac_train": 0.0,
 "dead_frac_val": 0.0492350272834301,
 "density_mean": 0.0026041667442768812,
 "density_p50": 0.0006551434635184705,
 "density_p99": 0.032818540930747986,
 "maxcos_mean": 0.3419944643974304,
 "maxcos_p50": 0.33713996410369873,
 "maxcos_p95": 0.4795907437801361
}