{
 "ckpt": "ckpts/muonmlp_s0/step005100.pt",
 "layer": 9,
 "expansion": 16,
 "k": 32,
 "normalize": false,
 "raw_act_norm_mean": 8520.10546875,
 "tokens": 50003968,
 "val_tokens": 2031616,
 "fvu": 0.18970082562032542,
 "dead_frac_train": 0.0,
 "dead_frac_val": 0.00789388082921505,
 "density_mean": 0.0026041665114462376,
 "density_p50": 0.0007220852421596646,
 "density_p99": 0.028805186972022057,
 "maxcos_mean": 0.32036611437797546,
 "maxcos_p50": 0.31370246410369873,
 "maxcos_p95": 0.44889429211616516
}