{
 "ckpt": "ckpts/muonmlp3_s0/step005100.pt",
 "layer": 6,
 "expansion": 16,
 "k": 32,
 "normalize": false,
 "raw_act_norm_mean": 1204.7705078125,
 "tokens": 50003968,
 "val_tokens": 2031616,
 "fvu": 0.15071036671257773,
 "dead_frac_train": 0.0,
 "dead_frac_val": 8.138021075865254e-05,
 "density_mean": 0.0026041667442768812,
 "density_p50": 0.0007811515242792666,
 "density_p99": 0.03356870636343956,
 "maxcos_mean": 0.2906911373138428,
 "maxcos_p50": 0.2835076153278351,
 "maxcos_p95": 0.40604493021965027
}