{
 "ckpt": "ckpts/soap_s1/L3.35_step004500.pt",
 "layer": 6,
 "expansion": 16,
 "k": 32,
 "normalize": false,
 "raw_act_norm_mean": 642.1409912109375,
 "tokens": 50003968,
 "val_tokens": 2031616,
 "fvu": 0.13127269337722713,
 "dead_frac_train": 0.0017903646221384406,
 "dead_frac_val": 0.5340983271598816,
 "density_mean": 0.0026041665114462376,
 "density_p50": 0.0,
 "density_p99": 0.029042866080999374,
 "maxcos_mean": 0.22626233100891113,
 "maxcos_p50": 0.18921828269958496,
 "maxcos_p95": 0.39854320883750916
}