{
 "ckpt": "ckpts/soap_s0/L3.35_step004500.pt",
 "layer": 6,
 "expansion": 16,
 "k": 32,
 "normalize": false,
 "raw_act_norm_mean": 603.4402465820312,
 "tokens": 50003968,
 "val_tokens": 2031616,
 "fvu": 0.12405972799866175,
 "dead_frac_train": 0.0004069010610692203,
 "dead_frac_val": 0.3684895932674408,
 "density_mean": 0.0026041667442768812,
 "density_p50": 0.00034455329296179116,
 "density_p99": 0.027325129136443138,
 "maxcos_mean": 0.2543262243270874,
 "maxcos_p50": 0.2531015872955322,
 "maxcos_p95": 0.41872599720954895
}