{
 "ckpt": "ckpts/soap_s2/L3.35_step004500.pt",
 "layer": 6,
 "expansion": 16,
 "k": 32,
 "normalize": false,
 "raw_act_norm_mean": 674.056396484375,
 "tokens": 50003968,
 "val_tokens": 2031616,
 "fvu": 0.17250864899298815,
 "dead_frac_train": 0.00016276042151730508,
 "dead_frac_val": 0.2110188901424408,
 "density_mean": 0.0026041667442768812,
 "density_p50": 0.0005365186952985823,
 "density_p99": 0.02499927394092083,
 "maxcos_mean": 0.28947097063064575,
 "maxcos_p50": 0.291738361120224,
 "maxcos_p95": 0.4420603811740875
}