{
 "muon_s0|muon_s1": {
  "kind": "within_muon",
  "mean": 0.13838498294353485,
  "p50": 0.13702557981014252,
  "p25": 0.1300121545791626,
  "frac_gt07": 0.0,
  "frac_gt05": 0.00017310022667516023
 },
 "muon_s0|muon_s2": {
  "kind": "within_muon",
  "mean": 0.13915932178497314,
  "p50": 0.1377287209033966,
  "p25": 0.130941241979599,
  "frac_gt07": 0.0,
  "frac_gt05": 8.655011333758011e-05
 },
 "muon_s0|adamw_s0": {
  "kind": "cross",
  "mean": 0.1485980749130249,
  "p50": 0.14535941183567047,
  "p25": 0.13779515027999878,
  "frac_gt07": 0.0,
  "frac_gt05": 8.655011333758011e-05
 },
 "muon_s0|adamw_s1": {
  "kind": "cross",
  "mean": 0.13910642266273499,
  "p50": 0.1379387080669403,
  "p25": 0.13096454739570618,
  "frac_gt07": 0.0,
  "frac_gt05": 0.0
 },
 "muon_s0|adamw_s2": {
  "kind": "cross",
  "mean": 0.13929641246795654,
  "p50": 0.13786298036575317,
  "p25": 0.13127340376377106,
  "frac_gt07": 8.655011333758011e-05,
  "frac_gt05": 8.655011333758011e-05
 },
 "muon_s1|muon_s2": {
  "kind": "within_muon",
  "mean": 0.13899379968643188,
  "p50": 0.13733543455600739,
  "p25": 0.13044650852680206,
  "frac_gt07": 0.00017747803940437734,
  "frac_gt05": 0.0002662170445546508
 },
 "muon_s1|adamw_s0": {
  "kind": "cross",
  "mean": 0.13925281167030334,
  "p50": 0.13775634765625,
  "p25": 0.1310502290725708,
  "frac_gt07": 8.873901970218867e-05,
  "frac_gt05": 8.873901970218867e-05
 },
 "muon_s1|adamw_s1": {
  "kind": "cross",
  "mean": 0.14956864714622498,
  "p50": 0.1457756608724594,
  "p25": 0.13845844566822052,
  "frac_gt07": 0.0,
  "frac_gt05": 8.873901970218867e-05
 },
 "muon_s1|adamw_s2": {
  "kind": "cross",
  "mean": 0.13893264532089233,
  "p50": 0.13769325613975525,
  "p25": 0.1308809220790863,
  "frac_gt07": 8.873901970218867e-05,
  "frac_gt05": 8.873901970218867e-05
 },
 "muon_s2|adamw_s0": {
  "kind": "cross",
  "mean": 0.13938340544700623,
  "p50": 0.13792528212070465,
  "p25": 0.13126003742218018,
  "frac_gt07": 0.0,
  "frac_gt05": 8.691872790222988e-05
 },
 "muon_s2|adamw_s1": {
  "kind": "cross",
  "mean": 0.13928310573101044,
  "p50": 0.1379871517419815,
  "p25": 0.13130679726600647,
  "frac_gt07": 8.691872790222988e-05,
  "frac_gt05": 8.691872790222988e-05
 },
 "muon_s2|adamw_s2": {
  "kind": "cross",
  "mean": 0.14756211638450623,
  "p50": 0.1445998251438141,
  "p25": 0.13705424964427948,
  "frac_gt07": 0.0,
  "frac_gt05": 0.0
 },
 "adamw_s0|adamw_s1": {
  "kind": "within_adamw",
  "mean": 0.1395910382270813,
  "p50": 0.13836176693439484,
  "p25": 0.13166052103042603,
  "frac_gt07": 0.0,
  "frac_gt05": 0.0
 },
 "adamw_s0|adamw_s2": {
  "kind": "within_adamw",
  "mean": 0.13958536088466644,
  "p50": 0.13819639384746552,
  "p25": 0.13161778450012207,
  "frac_gt07": 0.0,
  "frac_gt05": 0.0
 },
 "adamw_s1|adamw_s2": {
  "kind": "within_adamw",
  "mean": 0.13959255814552307,
  "p50": 0.13820390403270721,
  "p25": 0.1313289999961853,
  "frac_gt07": 8.155276736943051e-05,
  "frac_gt05": 8.155276736943051e-05
 }
}